분류,경로,이름,Q1,Q2,상태,비고,PR,완료일
09-national,09-national/SP-부서-입출력-마스터목록_v1.md,SP-부서-입출력-마스터목록_v1,Y,N,미착수,,,
09-national,09-national/JEJU-NATIONAL-SP_v1.0.md,JEJU-NATIONAL-SP_v1.0,Y,N,미착수,,,
09-national,09-national/jeju-national-agency-catalog.md,jeju-national-agency-catalog,Y,N,미착수,,,
09-national,09-national/NATIONAL-SP-CORE_v1.2.md,NATIONAL-SP-CORE_v1.2,Y,N,미착수,,,
09-national,09-national/NATIONAL-AGENCY-CLASS-INSTANCE-ARCHITECTURE_v1.0.md,NATIONAL-AGENCY-CLASS-INSTANCE-ARCHITECTURE_v1.0,Y,N,미착수,,,
09-national,09-national/technopark/SP-NAT-OTHER-TECHNOPARK-PROTOTYPE_v1.0.md,SP-NAT-OTHER-TECHNOPARK-PROTOTYPE_v1.0,Y,N,미착수,,,
09-national,09-national/policy-bodies/SP-NAT-POLICY-MOFA_v1.1.md,SP-NAT-POLICY-MOFA_v1.1,Y,N,미착수,,,
09-national,09-national/policy-bodies/SP-NAT-POLICY-NIS_v1.1.md,SP-NAT-POLICY-NIS_v1.1,Y,N,미착수,,,
09-national,09-national/policy-bodies/SP-NAT-POLICY-MOLIT_v1.1.md,SP-NAT-POLICY-MOLIT_v1.1,Y,N,미착수,,,
09-national,09-national/policy-bodies/SP-NAT-POLICY-ASSEMBLY_v1.1.md,SP-NAT-POLICY-ASSEMBLY_v1.1,Y,N,미착수,,,
09-national,09-national/policy-bodies/SP-NAT-POLICY-PIPC_v1.1.md,SP-NAT-POLICY-PIPC_v1.1,Y,N,미착수,,,
09-national,09-national/policy-bodies/SP-NAT-POLICY-OKA_v1.1.md,SP-NAT-POLICY-OKA_v1.1,Y,N,미착수,,,
09-national,09-national/policy-bodies/SP-NAT-POLICY-NCA_v1.1.md,SP-NAT-POLICY-NCA_v1.1,Y,N,미착수,,,
09-national,09-national/policy-bodies/SP-NAT-POLICY-BAI_v1.1.md,SP-NAT-POLICY-BAI_v1.1,Y,N,미착수,,,
09-national,09-national/policy-bodies/SP-NAT-POLICY-NAACC_v1.1.md,SP-NAT-POLICY-NAACC_v1.1,Y,N,미착수,,,
09-national,09-national/policy-bodies/SP-NAT-POLICY-NDA_v1.1.md,SP-NAT-POLICY-NDA_v1.1,Y,N,미착수,,,
09-national,09-national/policy-bodies/SP-NAT-POLICY-NABO_v1.1.md,SP-NAT-POLICY-NABO_v1.1,Y,N,미착수,,,
09-national,09-national/policy-bodies/SP-NAT-POLICY-KIPO_v1.1.md,SP-NAT-POLICY-KIPO_v1.1,Y,N,미착수,,,
09-national,09-national/policy-bodies/SP-NAT-POLICY-MOE_v1.1.md,SP-NAT-POLICY-MOE_v1.1,Y,N,미착수,,,
09-national,09-national/policy-bodies/SP-NAT-POLICY-NFA_v1.1.md,SP-NAT-POLICY-NFA_v1.1,Y,N,미착수,,,
09-national,09-national/policy-bodies/SP-NAT-POLICY-MOGEF_v1.1.md,SP-NAT-POLICY-MOGEF_v1.1,Y,N,미착수,,,
09-national,09-national/policy-bodies/SP-NAT-POLICY-MOEL_v1.1.md,SP-NAT-POLICY-MOEL_v1.1,Y,N,미착수,,,
09-national,09-national/policy-bodies/SP-NAT-POLICY-PRESOFFICE_v1.1.md,SP-NAT-POLICY-PRESOFFICE_v1.1,Y,N,미착수,,,
09-national,09-national/policy-bodies/SP-NAT-POLICY-NEC_v1.1.md,SP-NAT-POLICY-NEC_v1.1,Y,N,미착수,,,
09-national,09-national/policy-bodies/SP-NAT-POLICY-COTI_v1.1.md,SP-NAT-POLICY-COTI_v1.1,Y,N,미착수,,,
09-national,09-national/policy-bodies/SP-NAT-POLICY-BMTC_v1.1.md,SP-NAT-POLICY-BMTC_v1.1,Y,N,미착수,,,
09-national,09-national/policy-bodies/SP-NAT-POLICY-RDA_v1.1.md,SP-NAT-POLICY-RDA_v1.1,Y,N,미착수,,,
09-national,09-national/policy-bodies/SP-NAT-POLICY-SDIA_v1.1.md,SP-NAT-POLICY-SDIA_v1.1,Y,N,미착수,,,
09-national,09-national/policy-bodies/SP-NAT-POLICY-KASA_v1.1.md,SP-NAT-POLICY-KASA_v1.1,Y,N,미착수,,,
09-national,09-national/policy-bodies/SP-NAT-POLICY-DAPA_v1.1.md,SP-NAT-POLICY-DAPA_v1.1,Y,N,미착수,,,
09-national,09-national/policy-bodies/SP-NAT-POLICY-NSC_v1.1.md,SP-NAT-POLICY-NSC_v1.1,Y,N,미착수,,,
09-national,09-national/policy-bodies/SP-NAT-POLICY-FTC_v1.1.md,SP-NAT-POLICY-FTC_v1.1,Y,N,미착수,,,
09-national,09-national/policy-bodies/SP-NAT-POLICY-MCST_v1.1.md,SP-NAT-POLICY-MCST_v1.1,Y,N,미착수,,,
09-national,09-national/policy-bodies/SP-NAT-POLICY-KDCA_v1.1.md,SP-NAT-POLICY-KDCA_v1.1,Y,N,미착수,,,
09-national,09-national/policy-bodies/SP-NAT-POLICY-JRTI_v1.1.md,SP-NAT-POLICY-JRTI_v1.1,Y,N,미착수,,,
09-national,09-national/policy-bodies/SP-NAT-POLICY-KMA_v1.1.md,SP-NAT-POLICY-KMA_v1.1,Y,N,미착수,,,
09-national,09-national/policy-bodies/SP-NAT-POLICY-NANET_v1.1.md,SP-NAT-POLICY-NANET_v1.1,Y,N,미착수,,,
09-national,09-national/policy-bodies/SP-NAT-POLICY-PROSECUTION_v1.1.md,SP-NAT-POLICY-PROSECUTION_v1.1,Y,N,미착수,,,
09-national,09-national/policy-bodies/SP-NAT-POLICY-NHRCK_v1.1.md,SP-NAT-POLICY-NHRCK_v1.1,Y,N,미착수,,,
09-national,09-national/policy-bodies/SP-NAT-POLICY-MMA_v1.1.md,SP-NAT-POLICY-MMA_v1.1,Y,N,미착수,,,
09-national,09-national/policy-bodies/SP-NAT-POLICY-NSSC_v1.1.md,SP-NAT-POLICY-NSSC_v1.1,Y,N,미착수,,,
09-national,09-national/policy-bodies/SP-NAT-POLICY-MOIS_v1.1.md,SP-NAT-POLICY-MOIS_v1.1,Y,N,미착수,,,
09-national,09-national/policy-bodies/SP-NAT-POLICY-ACRC_v1.1.md,국민권익위원회,Y,N,미착수,,,
09-national,09-national/policy-bodies/SP-NAT-POLICY-POLICE_v1.1.md,SP-NAT-POLICY-POLICE_v1.1,Y,N,미착수,,,
09-national,09-national/policy-bodies/SP-NAT-POLICY-MAFRA_v1.1.md,SP-NAT-POLICY-MAFRA_v1.1,Y,N,미착수,,,
09-national,09-national/policy-bodies/SP-NAT-POLICY-NAFI_v1.1.md,SP-NAT-POLICY-NAFI_v1.1,Y,N,미착수,,,
09-national,09-national/policy-bodies/SP-NAT-POLICY-MFDS_v1.1.md,SP-NAT-POLICY-MFDS_v1.1,Y,N,미착수,,,
09-national,09-national/policy-bodies/SP-NAT-POLICY-CIO_v1.1.md,SP-NAT-POLICY-CIO_v1.1,Y,N,미착수,,,
09-national,09-national/policy-bodies/SP-NAT-POLICY-MPM_v1.1.md,SP-NAT-POLICY-MPM_v1.1,Y,N,미착수,,,
09-national,09-national/policy-bodies/SP-NAT-POLICY-MPVA_v1.1.md,SP-NAT-POLICY-MPVA_v1.1,Y,N,미착수,,,
09-national,09-national/policy-bodies/SP-NAT-POLICY-NTS_v1.1.md,SP-NAT-POLICY-NTS_v1.1,Y,N,미착수,,,
09-national,09-national/policy-bodies/SP-NAT-POLICY-MOF_v1.1.md,SP-NAT-POLICY-MOF_v1.1,Y,N,미착수,,,
09-national,09-national/policy-bodies/SP-NAT-POLICY-NARS_v1.1.md,SP-NAT-POLICY-NARS_v1.1,Y,N,미착수,,,
09-national,09-national/policy-bodies/SP-NAT-POLICY-FSC_v1.1.md,SP-NAT-POLICY-FSC_v1.1,Y,N,미착수,,,
09-national,09-national/policy-bodies/SP-NAT-POLICY-MOJ_v1.1.md,SP-NAT-POLICY-MOJ_v1.1,Y,N,미착수,,,
09-national,09-national/policy-bodies/SP-NAT-POLICY-OBS_v1.1.md,SP-NAT-POLICY-OBS_v1.1,Y,N,미착수,,,
09-national,09-national/policy-bodies/REVERIFICATION-CYCLE-POLICY_2026-07-09.md,REVERIFICATION-CYCLE-POLICY_2026-07-09,Y,N,미착수,,,
09-national,09-national/policy-bodies/SP-NAT-POLICY-MND_v1.1.md,SP-NAT-POLICY-MND_v1.1,Y,N,미착수,,,
09-national,09-national/policy-bodies/SP-NAT-POLICY-MOLELEG_v1.1.md,SP-NAT-POLICY-MOLELEG_v1.1,Y,N,미착수,,,
09-national,09-national/policy-bodies/SP-NAT-POLICY-MOTIE_v1.1.md,SP-NAT-POLICY-MOTIE_v1.1,Y,N,미착수,,,
09-national,09-national/policy-bodies/SP-NAT-POLICY-KFS_v1.1.md,SP-NAT-POLICY-KFS_v1.1,Y,N,미착수,,,
09-national,09-national/policy-bodies/SP-NAT-POLICY-PSS_v1.1.md,SP-NAT-POLICY-PSS_v1.1,Y,N,미착수,,,
09-national,09-national/policy-bodies/SP-NAT-POLICY-MOCEE_v1.1.md,SP-NAT-POLICY-MOCEE_v1.1,Y,N,미착수,,,
09-national,09-national/policy-bodies/SP-NAT-POLICY-OPC_v1.1.md,SP-NAT-POLICY-OPC_v1.1,Y,N,미착수,,,
09-national,09-national/policy-bodies/SP-NAT-POLICY-KHS_v1.1.md,SP-NAT-POLICY-KHS_v1.1,Y,N,미착수,,,
09-national,09-national/policy-bodies/SP-NAT-POLICY-NAS_v1.1.md,SP-NAT-POLICY-NAS_v1.1,Y,N,미착수,,,
09-national,09-national/policy-bodies/SP-NAT-POLICY-PPS_v1.1.md,SP-NAT-POLICY-PPS_v1.1,Y,N,미착수,,,
09-national,09-national/policy-bodies/SP-NAT-POLICY-SUPREMECOURT_v1.1.md,SP-NAT-POLICY-SUPREMECOURT_v1.1,Y,N,미착수,,,
09-national,09-national/policy-bodies/SP-NAT-POLICY-MSIT_v1.1.md,SP-NAT-POLICY-MSIT_v1.1,Y,N,미착수,,,
09-national,09-national/policy-bodies/SP-NAT-POLICY-MOFE_v1.1.md,SP-NAT-POLICY-MOFE_v1.1,Y,N,미착수,,,
09-national,09-national/policy-bodies/SP-NAT-POLICY-MOHW_v1.1.md,SP-NAT-POLICY-MOHW_v1.1,Y,N,미착수,,,
09-national,09-national/policy-bodies/SP-NAT-POLICY-JPRI_v1.1.md,SP-NAT-POLICY-JPRI_v1.1,Y,N,미착수,,,
09-national,09-national/policy-bodies/SP-NAT-POLICY-CONSTCOURT_v1.1.md,SP-NAT-POLICY-CONSTCOURT_v1.1,Y,N,미착수,,,
09-national,09-national/policy-bodies/SP-NAT-POLICY-UNIKOREA_v1.1.md,SP-NAT-POLICY-UNIKOREA_v1.1,Y,N,미착수,,,
09-national,09-national/policy-bodies/SP-NAT-POLICY-MSS_v1.1.md,SP-NAT-POLICY-MSS_v1.1,Y,N,미착수,,,
09-national,09-national/policy-bodies/SP-NAT-POLICY-KCG_v1.1.md,SP-NAT-POLICY-KCG_v1.1,Y,N,미착수,,,
09-national,09-national/policy-bodies/SP-NAT-POLICY-KCS_v1.1.md,SP-NAT-POLICY-KCS_v1.1,Y,N,미착수,,,
09-national,09-national/other/SP-NAT-OTHER-SMGC_v1.1.md,SP-NAT-OTHER-SMGC_v1.1,Y,N,미착수,,,
09-national,09-national/other/SP-NAT-OTHER-PNUDH_v1.1.md,SP-NAT-OTHER-PNUDH_v1.1,Y,N,미착수,,,
09-national,09-national/other/SP-NAT-OTHER-GUKAK_v1.1.md,SP-NAT-OTHER-GUKAK_v1.1,Y,N,미착수,,,
09-national,09-national/other/SP-NAT-OTHER-OKCC_v1.1.md,SP-NAT-OTHER-OKCC_v1.1,Y,N,미착수,,,
09-national,09-national/other/SP-NAT-OTHER-ARKO_v1.1.md,SP-NAT-OTHER-ARKO_v1.1,Y,N,미착수,,,
09-national,09-national/other/SP-NAT-OTHER-ITKC_v1.1.md,SP-NAT-OTHER-ITKC_v1.1,Y,N,미착수,,,
09-national,09-national/other/SP-NAT-OTHER-IBK_v1.1.md,SP-NAT-OTHER-IBK_v1.1,Y,N,미착수,,,
09-national,09-national/other/SP-NAT-OTHER-KIRIA_v1.1.md,SP-NAT-OTHER-KIRIA_v1.1,Y,N,미착수,,,
09-national,09-national/other/SP-NAT-OTHER-KRC_v1.1.md,SP-NAT-OTHER-KRC_v1.1,Y,N,미착수,,,
09-national,09-national/other/SP-NAT-OTHER-SNUH_v1.1.md,SP-NAT-OTHER-SNUH_v1.1,Y,N,미착수,,,
09-national,09-national/other/SP-NAT-OTHER-POLYTECH_v1.1.md,SP-NAT-OTHER-POLYTECH_v1.1,Y,N,미착수,,,
09-national,09-national/other/SP-NAT-OTHER-KSPO2_v1.1.md,SP-NAT-OTHER-KSPO2_v1.1,Y,N,미착수,,,
09-national,09-national/other/SP-NAT-OTHER-KWHRI_v1.1.md,SP-NAT-OTHER-KWHRI_v1.1,Y,N,미착수,,,
09-national,09-national/other/SP-NAT-OTHER-KIPS_v1.1.md,SP-NAT-OTHER-KIPS_v1.1,Y,N,미착수,,,
09-national,09-national/other/SP-NAT-OTHER-KFCI_v1.1.md,SP-NAT-OTHER-KFCI_v1.1,Y,N,미착수,,,
09-national,09-national/other/SP-NAT-OTHER-KICT2_v1.1.md,SP-NAT-OTHER-KICT2_v1.1,Y,N,미착수,,,
09-national,09-national/other/SP-NAT-OTHER-TIPA_v1.1.md,SP-NAT-OTHER-TIPA_v1.1,Y,N,미착수,,,
09-national,09-national/other/SP-NAT-OTHER-KWWA_v1.1.md,SP-NAT-OTHER-KWWA_v1.1,Y,N,미착수,,,
09-national,09-national/other/SP-NAT-OTHER-KIEP_v1.1.md,SP-NAT-OTHER-KIEP_v1.1,Y,N,미착수,,,
09-national,09-national/other/SP-NAT-OTHER-KHEPI_v1.1.md,SP-NAT-OTHER-KHEPI_v1.1,Y,N,미착수,,,
09-national,09-national/other/SP-NAT-OTHER-KINGS_v1.1.md,SP-NAT-OTHER-KINGS_v1.1,Y,N,미착수,,,
09-national,09-national/other/SP-NAT-OTHER-KTL_v1.1.md,SP-NAT-OTHER-KTL_v1.1,Y,N,미착수,,,
09-national,09-national/other/SP-NAT-OTHER-KHF_v1.1.md,SP-NAT-OTHER-KHF_v1.1,Y,N,미착수,,,
09-national,09-national/other/SP-NAT-OTHER-BSSM_v1.1.md,SP-NAT-OTHER-BSSM_v1.1,Y,N,미착수,,,
09-national,09-national/other/SP-NAT-OTHER-KOREG_v1.1.md,SP-NAT-OTHER-KOREG_v1.1,Y,N,미착수,,,
09-national,09-national/other/SP-NAT-OTHER-KNF_v1.1.md,SP-NAT-OTHER-KNF_v1.1,Y,N,미착수,,,
09-national,09-national/other/SP-NAT-OTHER-KIPI_v1.1.md,SP-NAT-OTHER-KIPI_v1.1,Y,N,미착수,,,
09-national,09-national/other/SP-NAT-OTHER-KOFONS_v1.1.md,SP-NAT-OTHER-KOFONS_v1.1,Y,N,미착수,,,
09-national,09-national/other/SP-NAT-OTHER-SAC_v1.1.md,SP-NAT-OTHER-SAC_v1.1,Y,N,미착수,,,
09-national,09-national/other/SP-NAT-OTHER-OSONG_v1.1.md,SP-NAT-OTHER-OSONG_v1.1,Y,N,미착수,,,
09-national,09-national/other/SP-NAT-OTHER-KOIHA_v1.1.md,SP-NAT-OTHER-KOIHA_v1.1,Y,N,미착수,,,
09-national,09-national/other/SP-NAT-OTHER-KEEI_v1.1.md,SP-NAT-OTHER-KEEI_v1.1,Y,N,미착수,,,
09-national,09-national/other/SP-NAT-OTHER-INNOPOLIS_v1.1.md,SP-NAT-OTHER-INNOPOLIS_v1.1,Y,N,미착수,,,
09-national,09-national/other/SP-NAT-OTHER-KERIS_v1.1.md,SP-NAT-OTHER-KERIS_v1.1,Y,N,미착수,,,
09-national,09-national/other/SP-NAT-OTHER-KSD_v1.1.md,SP-NAT-OTHER-KSD_v1.1,Y,N,미착수,,,
09-national,09-national/other/SP-NAT-OTHER-KINS_v1.1.md,SP-NAT-OTHER-KINS_v1.1,Y,N,미착수,,,
09-national,09-national/other/SP-NAT-OTHER-KEXIM_v1.1.md,SP-NAT-OTHER-KEXIM_v1.1,Y,N,미착수,,,
09-national,09-national/other/SP-NAT-OTHER-KFERI_v1.1.md,SP-NAT-OTHER-KFERI_v1.1,Y,N,미착수,,,
09-national,09-national/other/SP-NAT-OTHER-TPF_v1.1.md,SP-NAT-OTHER-TPF_v1.1,Y,N,미착수,,,
09-national,09-national/other/SP-NAT-OTHER-KIRAMS_v1.1.md,SP-NAT-OTHER-KIRAMS_v1.1,Y,N,미착수,,,
09-national,09-national/other/SP-NAT-OTHER-NIKOM_v1.1.md,SP-NAT-OTHER-NIKOM_v1.1,Y,N,미착수,,,
09-national,09-national/other/SP-NAT-OTHER-KIDA_v1.1.md,SP-NAT-OTHER-KIDA_v1.1,Y,N,미착수,,,
09-national,09-national/other/SP-NAT-OTHER-KOMIDI_v1.1.md,SP-NAT-OTHER-KOMIDI_v1.1,Y,N,미착수,,,
09-national,09-national/other/SP-NAT-OTHER-HANSIK_v1.1.md,SP-NAT-OTHER-HANSIK_v1.1,Y,N,미착수,,,
09-national,09-national/other/SP-NAT-OTHER-KOREATECH_v1.1.md,SP-NAT-OTHER-KOREATECH_v1.1,Y,N,미착수,,,
09-national,09-national/other/SP-NAT-OTHER-YGPA_v1.1.md,SP-NAT-OTHER-YGPA_v1.1,Y,N,미착수,,,
09-national,09-national/other/SP-NAT-OTHER-KIOST_v1.1.md,SP-NAT-OTHER-KIOST_v1.1,Y,N,미착수,,,
09-national,09-national/other/SP-NAT-OTHER-KPTB_v1.1.md,SP-NAT-OTHER-KPTB_v1.1,Y,N,미착수,,,
09-national,09-national/other/SP-NAT-OTHER-FSI_v1.1.md,SP-NAT-OTHER-FSI_v1.1,Y,N,미착수,,,
09-national,09-national/other/SP-NAT-OTHER-GJSM_v1.1.md,SP-NAT-OTHER-GJSM_v1.1,Y,N,미착수,,,
09-national,09-national/other/SP-NAT-OTHER-KMIPA_v1.1.md,SP-NAT-OTHER-KMIPA_v1.1,Y,N,미착수,,,
09-national,09-national/other/SP-NAT-OTHER-BSNUH_v1.1.md,SP-NAT-OTHER-BSNUH_v1.1,Y,N,미착수,,,
09-national,09-national/other/SP-NAT-OTHER-KWDI_v1.1.md,SP-NAT-OTHER-KWDI_v1.1,Y,N,미착수,,,
09-national,09-national/other/SP-NAT-OTHER-KOITA_v1.1.md,SP-NAT-OTHER-KOITA_v1.1,Y,N,미착수,,,
09-national,09-national/other/SP-NAT-OTHER-KDRA_v1.1.md,SP-NAT-OTHER-KDRA_v1.1,Y,N,미착수,,,
09-national,09-national/other/SP-NAT-OTHER-KNUDH_v1.1.md,SP-NAT-OTHER-KNUDH_v1.1,Y,N,미착수,,,
09-national,09-national/other/SP-NAT-OTHER-NMC_v1.1.md,SP-NAT-OTHER-NMC_v1.1,Y,N,미착수,,,
09-national,09-national/other/SP-NAT-OTHER-KDB_v1.1.md,SP-NAT-OTHER-KDB_v1.1,Y,N,미착수,,,
09-national,09-national/other/SP-NAT-OTHER-SEC_v1.1.md,SP-NAT-OTHER-SEC_v1.1,Y,N,미착수,,,
09-national,09-national/other/SP-NAT-OTHER-KLSC_v1.1.md,SP-NAT-OTHER-KLSC_v1.1,Y,N,미착수,,,
09-national,09-national/other/SP-NAT-OTHER-KONANO_v1.1.md,SP-NAT-OTHER-KONANO_v1.1,Y,N,미착수,,,
09-national,09-national/other/SP-NAT-OTHER-NECA_v1.1.md,SP-NAT-OTHER-NECA_v1.1,Y,N,미착수,,,
09-national,09-national/other/SP-NAT-OTHER-KCII_v1.1.md,SP-NAT-OTHER-KCII_v1.1,Y,N,미착수,,,
09-national,09-national/other/SP-NAT-OTHER-KHPLE_v1.1.md,SP-NAT-OTHER-KHPLE_v1.1,Y,N,미착수,,,
09-national,09-national/other/SP-NAT-OTHER-KL88_v1.1.md,SP-NAT-OTHER-KL88_v1.1,Y,N,미착수,,,
09-national,09-national/other/SP-NAT-OTHER-CSSA_v1.1.md,SP-NAT-OTHER-CSSA_v1.1,Y,N,미착수,,,
09-national,09-national/other/SP-NAT-OTHER-KISTEP_v1.1.md,SP-NAT-OTHER-KISTEP_v1.1,Y,N,미착수,,,
09-national,09-national/other/SP-NAT-OTHER-KIHASA_v1.1.md,SP-NAT-OTHER-KIHASA_v1.1,Y,N,미착수,,,
09-national,09-national/other/SP-NAT-OTHER-EXSERVICE_v1.1.md,SP-NAT-OTHER-EXSERVICE_v1.1,Y,N,미착수,,,
09-national,09-national/other/SP-NAT-OTHER-KJOBWORLD_v1.1.md,SP-NAT-OTHER-KJOBWORLD_v1.1,Y,N,미착수,,,
09-national,09-national/other/SP-NAT-OTHER-GRAC_v1.1.md,SP-NAT-OTHER-GRAC_v1.1,Y,N,미착수,,,
09-national,09-national/other/SP-NAT-OTHER-TPCS_v1.1.md,SP-NAT-OTHER-TPCS_v1.1,Y,N,미착수,,,
09-national,09-national/other/SP-NAT-OTHER-KCARBON_v1.1.md,SP-NAT-OTHER-KCARBON_v1.1,Y,N,미착수,,,
09-national,09-national/other/SP-NAT-OTHER-KRTC_v1.1.md,SP-NAT-OTHER-KRTC_v1.1,Y,N,미착수,,,
09-national,09-national/other/SP-NAT-OTHER-NMM_v1.1.md,SP-NAT-OTHER-NMM_v1.1,Y,N,미착수,,,
09-national,09-national/other/SP-NAT-OTHER-NICE2_v1.1.md,SP-NAT-OTHER-NICE2_v1.1,Y,N,미착수,,,
09-national,09-national/other/SP-NAT-OTHER-CNUH2_v1.1.md,SP-NAT-OTHER-CNUH2_v1.1,Y,N,미착수,,,
09-national,09-national/other/SP-NAT-OTHER-KAIA_v1.1.md,SP-NAT-OTHER-KAIA_v1.1,Y,N,미착수,,,
09-national,09-national/other/SP-NAT-OTHER-KOFA_v1.1.md,SP-NAT-OTHER-KOFA_v1.1,Y,N,미착수,,,
09-national,09-national/other/SP-NAT-OTHER-KIGEPE_v1.1.md,SP-NAT-OTHER-KIGEPE_v1.1,Y,N,미착수,,,
09-national,09-national/other/SP-NAT-OTHER-KLI2_v1.1.md,SP-NAT-OTHER-KLI2_v1.1,Y,N,미착수,,,
09-national,09-national/other/SP-NAT-OTHER-PBS_v1.1.md,SP-NAT-OTHER-PBS_v1.1,Y,N,미착수,,,
09-national,09-national/other/SP-NAT-OTHER-NMSM_v1.1.md,SP-NAT-OTHER-NMSM_v1.1,Y,N,미착수,,,
09-national,09-national/other/SP-NAT-OTHER-WISET_v1.1.md,SP-NAT-OTHER-WISET_v1.1,Y,N,미착수,,,
09-national,09-national/other/SP-NAT-OTHER-SUDOKWON_v1.1.md,SP-NAT-OTHER-SUDOKWON_v1.1,Y,N,미착수,,,
09-national,09-national/other/SP-NAT-OTHER-EPIS_v1.1.md,SP-NAT-OTHER-EPIS_v1.1,Y,N,미착수,,,
09-national,09-national/other/SP-NAT-OTHER-KMI_v1.1.md,SP-NAT-OTHER-KMI_v1.1,Y,N,미착수,,,
09-national,09-national/other/SP-NAT-OTHER-KLA2_v1.1.md,SP-NAT-OTHER-KLA2_v1.1,Y,N,미착수,,,
09-national,09-national/other/SP-NAT-OTHER-KHOA2_v1.1.md,SP-NAT-OTHER-KHOA2_v1.1,Y,N,미착수,,,
09-national,09-national/other/SP-NAT-OTHER-KIPF_v1.1.md,SP-NAT-OTHER-KIPF_v1.1,Y,N,미착수,,,
09-national,09-national/other/SP-NAT-OTHER-KOFTA_v1.1.md,SP-NAT-OTHER-KOFTA_v1.1,Y,N,미착수,,,
09-national,09-national/other/SP-NAT-OTHER-KICET_v1.1.md,SP-NAT-OTHER-KICET_v1.1,Y,N,미착수,,,
09-national,09-national/other/SP-NAT-OTHER-KANGWONUH_v1.1.md,SP-NAT-OTHER-KANGWONUH_v1.1,Y,N,미착수,,,
09-national,09-national/other/SP-NAT-OTHER-KVMC_v1.1.md,SP-NAT-OTHER-KVMC_v1.1,Y,N,미착수,,,
09-national,09-national/other/SP-NAT-OTHER-AQIS2_v1.1.md,SP-NAT-OTHER-AQIS2_v1.1,Y,N,미착수,,,
09-national,09-national/other/SP-NAT-OTHER-KATRI_v1.1.md,SP-NAT-OTHER-KATRI_v1.1,Y,N,미착수,,,
09-national,09-national/other/SP-NAT-OTHER-KIET_v1.1.md,SP-NAT-OTHER-KIET_v1.1,Y,N,미착수,,,
09-national,09-national/other/SP-NAT-OTHER-KOFPI_v1.1.md,SP-NAT-OTHER-KOFPI_v1.1,Y,N,미착수,,,
09-national,09-national/other/SP-NAT-OTHER-KCTI_v1.1.md,SP-NAT-OTHER-KCTI_v1.1,Y,N,미착수,,,
09-national,09-national/other/SP-NAT-OTHER-KORDI2_v1.1.md,SP-NAT-OTHER-KORDI2_v1.1,Y,N,미착수,,,
09-national,09-national/other/SP-NAT-OTHER-KINU_v1.1.md,SP-NAT-OTHER-KINU_v1.1,Y,N,미착수,,,
09-national,09-national/other/SP-NAT-OTHER-SPACEIC_v1.1.md,SP-NAT-OTHER-SPACEIC_v1.1,Y,N,미착수,,,
09-national,09-national/other/SP-NAT-OTHER-KOFAC_v1.1.md,SP-NAT-OTHER-KOFAC_v1.1,Y,N,미착수,,,
09-national,09-national/other/SP-NAT-OTHER-KOBC_v1.1.md,SP-NAT-OTHER-KOBC_v1.1,Y,N,미착수,,,
09-national,09-national/other/SP-NAT-OTHER-KCWU_v1.1.md,SP-NAT-OTHER-KCWU_v1.1,Y,N,미착수,,,
09-national,09-national/other/SP-NAT-OTHER-NEXTMODEL_v1.1.md,SP-NAT-OTHER-NEXTMODEL_v1.1,Y,N,미착수,,,
09-national,09-national/other/SP-NAT-OTHER-CNUH_v1.1.md,SP-NAT-OTHER-CNUH_v1.1,Y,N,미착수,,,
09-national,09-national/other/SP-NAT-OTHER-KOMUF_v1.1.md,SP-NAT-OTHER-KOMUF_v1.1,Y,N,미착수,,,
09-national,09-national/other/SP-NAT-OTHER-KPF_v1.1.md,SP-NAT-OTHER-KPF_v1.1,Y,N,미착수,,,
09-national,09-national/other/SP-NAT-OTHER-KOFAC2_v1.1.md,SP-NAT-OTHER-KOFAC2_v1.1,Y,N,미착수,,,
09-national,09-national/other/SP-NAT-OTHER-KAHPA_v1.1.md,SP-NAT-OTHER-KAHPA_v1.1,Y,N,미착수,,,
09-national,09-national/other/SP-NAT-OTHER-NILE_v1.1.md,SP-NAT-OTHER-NILE_v1.1,Y,N,미착수,,,
09-national,09-national/other/SP-NAT-OTHER-KIDS_v1.1.md,SP-NAT-OTHER-KIDS_v1.1,Y,N,미착수,,,
09-national,09-national/other/SP-NAT-OTHER-KATO2_v1.1.md,SP-NAT-OTHER-KATO2_v1.1,Y,N,미착수,,,
09-national,09-national/other/SP-NAT-OTHER-KICJ_v1.1.md,SP-NAT-OTHER-KICJ_v1.1,Y,N,미착수,,,
09-national,09-national/other/SP-NAT-OTHER-NODONG_v1.1.md,SP-NAT-OTHER-NODONG_v1.1,Y,N,미착수,,,
09-national,09-national/other/SP-NAT-OTHER-KOFAIR_v1.1.md,SP-NAT-OTHER-KOFAIR_v1.1,Y,N,미착수,,,
09-national,09-national/other/SP-NAT-OTHER-KINFA_v1.1.md,SP-NAT-OTHER-KINFA_v1.1,Y,N,미착수,,,
09-national,09-national/other/SP-NAT-OTHER-KSOC_v1.1.md,SP-NAT-OTHER-KSOC_v1.1,Y,N,미착수,,,
09-national,09-national/other/SP-NAT-OTHER-KPBA_v1.1.md,SP-NAT-OTHER-KPBA_v1.1,Y,N,미착수,,,
09-national,09-national/other/SP-NAT-OTHER-FIST_v1.1.md,SP-NAT-OTHER-FIST_v1.1,Y,N,미착수,,,
09-national,09-national/other/SP-NAT-OTHER-KIC_v1.1.md,SP-NAT-OTHER-KIC_v1.1,Y,N,미착수,,,
09-national,09-national/other/SP-NAT-OTHER-KIPA2_v1.1.md,SP-NAT-OTHER-KIPA2_v1.1,Y,N,미착수,,,
09-national,09-national/other/SP-NAT-OTHER-KODDI_v1.1.md,SP-NAT-OTHER-KODDI_v1.1,Y,N,미착수,,,
09-national,09-national/other/SP-NAT-OTHER-KLRI_v1.1.md,SP-NAT-OTHER-KLRI_v1.1,Y,N,미착수,,,
09-national,09-national/other/SP-NAT-OTHER-QIA2_v1.1.md,SP-NAT-OTHER-QIA2_v1.1,Y,N,미착수,,,
09-national,09-national/other/SP-NAT-OTHER-CBNUH_v1.1.md,SP-NAT-OTHER-CBNUH_v1.1,Y,N,미착수,,,
09-national,09-national/other/SP-NAT-OTHER-KIND_v1.1.md,SP-NAT-OTHER-KIND_v1.1,Y,N,미착수,,,
09-national,09-national/other/SP-NAT-OTHER-KOCEMA_v1.1.md,SP-NAT-OTHER-KOCEMA_v1.1,Y,N,미착수,,,
09-national,09-national/other/SP-NAT-OTHER-GNUDH_v1.1.md,SP-NAT-OTHER-GNUDH_v1.1,Y,N,미착수,,,
09-national,09-national/other/SP-NAT-OTHER-KISDI_v1.1.md,SP-NAT-OTHER-KISDI_v1.1,Y,N,미착수,,,
09-national,09-national/other/SP-NAT-OTHER-KIMST2_v1.1.md,SP-NAT-OTHER-KIMST2_v1.1,Y,N,미착수,,,
09-national,09-national/other/SP-NAT-OTHER-NIBP_v1.1.md,SP-NAT-OTHER-NIBP_v1.1,Y,N,미착수,,,
09-national,09-national/other/SP-NAT-OTHER-DGSM_v1.1.md,SP-NAT-OTHER-DGSM_v1.1,Y,N,미착수,,,
09-national,09-national/other/SP-NAT-OTHER-FKVJF_v1.1.md,SP-NAT-OTHER-FKVJF_v1.1,Y,N,미착수,,,
09-national,09-national/other/SP-NAT-OTHER-KRIHS_v1.1.md,SP-NAT-OTHER-KRIHS_v1.1,Y,N,미착수,,,
09-national,09-national/other/SP-NAT-OTHER-K_v1.1.md,SP-NAT-OTHER-K_v1.1,Y,N,미착수,,,
09-national,09-national/other/SP-NAT-OTHER-KCOPA_v1.1.md,SP-NAT-OTHER-KCOPA_v1.1,Y,N,미착수,,,
09-national,09-national/other/SP-NAT-OTHER-SNUDH_v1.1.md,SP-NAT-OTHER-SNUDH_v1.1,Y,N,미착수,,,
09-national,09-national/other/SP-NAT-OTHER-KOFRS_v1.1.md,SP-NAT-OTHER-KOFRS_v1.1,Y,N,미착수,,,
09-national,09-national/other/SP-NAT-OTHER-MND2_v1.1.md,SP-NAT-OTHER-MND2_v1.1,Y,N,미착수,,,
09-national,09-national/other/SP-NAT-OTHER-KCC2_v1.1.md,SP-NAT-OTHER-KCC2_v1.1,Y,N,미착수,,,
09-national,09-national/other/SP-NAT-OTHER-KOSTATINFO_v1.1.md,SP-NAT-OTHER-KOSTATINFO_v1.1,Y,N,미착수,,,
09-national,09-national/other/SP-NAT-OTHER-APCC_v1.1.md,SP-NAT-OTHER-APCC_v1.1,Y,N,미착수,,,
09-national,09-national/other/SP-NAT-OTHER-KOWACO2_v1.1.md,SP-NAT-OTHER-KOWACO2_v1.1,Y,N,미착수,,,
09-national,09-national/other/SP-NAT-OTHER-ACC_v1.1.md,SP-NAT-OTHER-ACC_v1.1,Y,N,미착수,,,
09-national,09-national/other/SP-NAT-OTHER-KOCCA_v1.1.md,SP-NAT-OTHER-KOCCA_v1.1,Y,N,미착수,,,
09-national,09-national/other/SP-NAT-OTHER-NNIBR_v1.1.md,SP-NAT-OTHER-NNIBR_v1.1,Y,N,미착수,,,
09-national,09-national/other/SP-NAT-OTHER-HMC_v1.1.md,SP-NAT-OTHER-HMC_v1.1,Y,N,미착수,,,
09-national,09-national/other/SP-NAT-OTHER-KIHF_v1.1.md,SP-NAT-OTHER-KIHF_v1.1,Y,N,미착수,,,
09-national,09-national/other/SP-NAT-OTHER-KAWF_v1.1.md,SP-NAT-OTHER-KAWF_v1.1,Y,N,미착수,,,
09-national,09-national/other/SP-NAT-OTHER-KIDP_v1.1.md,SP-NAT-OTHER-KIDP_v1.1,Y,N,미착수,,,
09-national,09-national/other/SP-NAT-OTHER-KNUH_v1.1.md,SP-NAT-OTHER-KNUH_v1.1,Y,N,미착수,,,
09-national,09-national/other/SP-NAT-OTHER-FOODCLUSTER_v1.1.md,SP-NAT-OTHER-FOODCLUSTER_v1.1,Y,N,미착수,,,
09-national,09-national/other/SP-NAT-OTHER-KOCOAL_v1.1.md,SP-NAT-OTHER-KOCOAL_v1.1,Y,N,미착수,,,
09-national,09-national/other/SP-NAT-OTHER-KFI_v1.1.md,SP-NAT-OTHER-KFI_v1.1,Y,N,미착수,,,
09-national,09-national/other/SP-NAT-OTHER-KOHMI_v1.1.md,SP-NAT-OTHER-KOHMI_v1.1,Y,N,미착수,,,
09-national,09-national/other/SP-NAT-OTHER-KMRB_v1.1.md,SP-NAT-OTHER-KMRB_v1.1,Y,N,미착수,,,
09-national,09-national/other/SP-NAT-OTHER-KHIDI_v1.1.md,SP-NAT-OTHER-KHIDI_v1.1,Y,N,미착수,,,
09-national,09-national/other/SP-NAT-OTHER-KRDIST_v1.1.md,SP-NAT-OTHER-KRDIST_v1.1,Y,N,미착수,,,
09-national,09-national/other/SP-NAT-OTHER-KWMF_v1.1.md,SP-NAT-OTHER-KWMF_v1.1,Y,N,미착수,,,
09-national,09-national/other/SP-NAT-OTHER-AURI_v1.1.md,SP-NAT-OTHER-AURI_v1.1,Y,N,미착수,,,
09-national,09-national/other/SP-NAT-OTHER-KPIPA_v1.1.md,SP-NAT-OTHER-KPIPA_v1.1,Y,N,미착수,,,
09-national,09-national/other/SP-NAT-OTHER-KOHI_v1.1.md,SP-NAT-OTHER-KOHI_v1.1,Y,N,미착수,,,
09-national,09-national/other/SP-NAT-OTHER-KCPC_v1.1.md,SP-NAT-OTHER-KCPC_v1.1,Y,N,미착수,,,
09-national,09-national/other/SP-NAT-OTHER-KOSAF2_v1.1.md,SP-NAT-OTHER-KOSAF2_v1.1,Y,N,미착수,,,
09-national,09-national/other/SP-NAT-OTHER-KPC2_v1.1.md,SP-NAT-OTHER-KPC2_v1.1,Y,N,미착수,,,
09-national,09-national/other/SP-NAT-OTHER-KEPCOMCS_v1.1.md,SP-NAT-OTHER-KEPCOMCS_v1.1,Y,N,미착수,,,
09-national,09-national/other/SP-NAT-OTHER-KIIP_v1.1.md,SP-NAT-OTHER-KIIP_v1.1,Y,N,미착수,,,
09-national,09-national/other/SP-NAT-OTHER-UPA_v1.1.md,SP-NAT-OTHER-UPA_v1.1,Y,N,미착수,,,
09-national,09-national/other/SP-NAT-OTHER-IHM_v1.1.md,SP-NAT-OTHER-IHM_v1.1,Y,N,미착수,,,
09-national,09-national/other/SP-NAT-OTHER-KRNW_v1.1.md,SP-NAT-OTHER-KRNW_v1.1,Y,N,미착수,,,
09-national,09-national/other/SP-NAT-OTHER-KICCE2_v1.1.md,SP-NAT-OTHER-KICCE2_v1.1,Y,N,미착수,,,
09-national,09-national/other/SP-NAT-OTHER-NYPI_v1.1.md,SP-NAT-OTHER-NYPI_v1.1,Y,N,미착수,,,
09-national,09-national/other/SP-NAT-OTHER-ARIRANGTV_v1.1.md,SP-NAT-OTHER-ARIRANGTV_v1.1,Y,N,미착수,,,
09-national,09-national/other/SP-NAT-OTHER-AKS_v1.1.md,SP-NAT-OTHER-AKS_v1.1,Y,N,미착수,,,
09-national,09-national/other/SP-NAT-OTHER-KCIA_v1.1.md,SP-NAT-OTHER-KCIA_v1.1,Y,N,미착수,,,
09-national,09-national/other/SP-NAT-OTHER-KFSP_v1.1.md,SP-NAT-OTHER-KFSP_v1.1,Y,N,미착수,,,
09-national,09-national/other/SP-NAT-OTHER-KOROIS_v1.1.md,SP-NAT-OTHER-KOROIS_v1.1,Y,N,미착수,,,
09-national,09-national/other/SP-NAT-OTHER-APFC_v1.1.md,SP-NAT-OTHER-APFC_v1.1,Y,N,미착수,,,
09-national,09-national/other/SP-NAT-OTHER-KWQC_v1.1.md,SP-NAT-OTHER-KWQC_v1.1,Y,N,미착수,,,
09-national,09-national/other/SP-NAT-OTHER-KETEP_v1.1.md,SP-NAT-OTHER-KETEP_v1.1,Y,N,미착수,,,
09-national,09-national/other/SP-NAT-OTHER-BPA_v1.1.md,SP-NAT-OTHER-BPA_v1.1,Y,N,미착수,,,
09-national,09-national/other/SP-NAT-OTHER-DTAQ_v1.1.md,SP-NAT-OTHER-DTAQ_v1.1,Y,N,미착수,,,
09-national,09-national/other/SP-NAT-OTHER-DEC_v1.1.md,SP-NAT-OTHER-DEC_v1.1,Y,N,미착수,,,
09-national,09-national/other/SP-NAT-OTHER-ICTPA_v1.1.md,SP-NAT-OTHER-ICTPA_v1.1,Y,N,미착수,,,
09-national,09-national/other/SP-NAT-OTHER-KOAT_v1.1.md,SP-NAT-OTHER-KOAT_v1.1,Y,N,미착수,,,
09-national,09-national/other/SP-NAT-OTHER-KMRI_v1.1.md,SP-NAT-OTHER-KMRI_v1.1,Y,N,미착수,,,
09-national,09-national/other/SP-NAT-OTHER-KREI_v1.1.md,SP-NAT-OTHER-KREI_v1.1,Y,N,미착수,,,
09-national,09-national/other/SP-NAT-OTHER-SNKA_v1.1.md,SP-NAT-OTHER-SNKA_v1.1,Y,N,미착수,,,
09-national,09-national/other/SP-NAT-OTHER-KEA2_v1.1.md,SP-NAT-OTHER-KEA2_v1.1,Y,N,미착수,,,
09-national,09-national/other/SP-NAT-OTHER-PNUH_v1.1.md,SP-NAT-OTHER-PNUH_v1.1,Y,N,미착수,,,
09-national,09-national/other/SP-NAT-OTHER-KRTECH_v1.1.md,SP-NAT-OTHER-KRTECH_v1.1,Y,N,미착수,,,
09-national,09-national/other/SP-NAT-OTHER-KIPSO_v1.1.md,SP-NAT-OTHER-KIPSO_v1.1,Y,N,미착수,,,
09-national,09-national/other/SP-NAT-OTHER-KDI_v1.1.md,SP-NAT-OTHER-KDI_v1.1,Y,N,미착수,,,
09-national,09-national/other/SP-NAT-OTHER-KF_v1.1.md,SP-NAT-OTHER-KF_v1.1,Y,N,미착수,,,
09-national,09-national/other/SP-NAT-OTHER-JEJUUH_v1.1.md,SP-NAT-OTHER-JEJUUH_v1.1,Y,N,미착수,,,
09-national,09-national/other/SP-NAT-OTHER-KLI_v1.1.md,SP-NAT-OTHER-KLI_v1.1,Y,N,미착수,,,
09-national,09-national/other/SP-NAT-OTHER-KOFFA_v1.1.md,SP-NAT-OTHER-KOFFA_v1.1,Y,N,미착수,,,
09-national,09-national/other/SP-NAT-OTHER-KECO2_v1.1.md,SP-NAT-OTHER-KECO2_v1.1,Y,N,미착수,,,
09-national,09-national/other/SP-NAT-OTHER-GSNUH_v1.1.md,SP-NAT-OTHER-GSNUH_v1.1,Y,N,미착수,,,
09-national,09-national/other/SP-NAT-OTHER-JBNUH_v1.1.md,SP-NAT-OTHER-JBNUH_v1.1,Y,N,미착수,,,
09-national,09-national/other/SP-NAT-OTHER-KOSSWA_v1.1.md,SP-NAT-OTHER-KOSSWA_v1.1,Y,N,미착수,,,
09-national,09-national/other/SP-NAT-OTHER-KICE_v1.1.md,SP-NAT-OTHER-KICE_v1.1,Y,N,미착수,,,
09-national,09-national/other/SP-NAT-OTHER-HONAM_v1.1.md,SP-NAT-OTHER-HONAM_v1.1,Y,N,미착수,,,
09-national,09-national/other/SP-NAT-OTHER-KOTSA_v1.1.md,SP-NAT-OTHER-KOTSA_v1.1,Y,N,미착수,,,
09-national,09-national/other/SP-NAT-OTHER-KYCI_v1.1.md,SP-NAT-OTHER-KYCI_v1.1,Y,N,미착수,,,
09-national,09-national/other/SP-NAT-OTHER-KINAC_v1.1.md,SP-NAT-OTHER-KINAC_v1.1,Y,N,미착수,,,
09-national,09-national/other/SP-NAT-OTHER-NEAHF_v1.1.md,SP-NAT-OTHER-NEAHF_v1.1,Y,N,미착수,,,
09-national,09-national/other/SP-NAT-OTHER-NCC_v1.1.md,SP-NAT-OTHER-NCC_v1.1,Y,N,미착수,,,
09-national,09-national/other/SP-NAT-OTHER-KCGPTC_v1.1.md,SP-NAT-OTHER-KCGPTC_v1.1,Y,N,미착수,,,
09-national,09-national/other/SP-NAT-OTHER-KCDF_v1.1.md,SP-NAT-OTHER-KCDF_v1.1,Y,N,미착수,,,
09-national,09-national/other/SP-NAT-OTHER-KODIT2_v1.1.md,SP-NAT-OTHER-KODIT2_v1.1,Y,N,미착수,,,
09-national,09-national/other/SP-NAT-OTHER-KOBACO_v1.1.md,SP-NAT-OTHER-KOBACO_v1.1,Y,N,미착수,,,
09-national,09-national/other/SP-NAT-OTHER-STEPI_v1.1.md,SP-NAT-OTHER-STEPI_v1.1,Y,N,미착수,,,
09-national,09-national/other/SP-NAT-OTHER-POSTFIN_v1.1.md,SP-NAT-OTHER-POSTFIN_v1.1,Y,N,미착수,,,
09-national,09-national/other/SP-NAT-OTHER-KOFIC_v1.1.md,SP-NAT-OTHER-KOFIC_v1.1,Y,N,미착수,,,
09-national,09-national/other/SP-NAT-OTHER-KSIF_v1.1.md,SP-NAT-OTHER-KSIF_v1.1,Y,N,미착수,,,
09-national,09-national/other/SP-NAT-OTHER-KOSBI_v1.1.md,SP-NAT-OTHER-KOSBI_v1.1,Y,N,미착수,,,
09-national,09-national/other/SP-NAT-OTHER-KEF2_v1.1.md,SP-NAT-OTHER-KEF2_v1.1,Y,N,미착수,,,
09-national,09-national/other/SP-NAT-OTHER-KDF_v1.1.md,SP-NAT-OTHER-KDF_v1.1,Y,N,미착수,,,
09-national,09-national/other/SP-NAT-OTHER-GKA_v1.1.md,SP-NAT-OTHER-GKA_v1.1,Y,N,미착수,,,
09-national,09-national/other/SP-NAT-OTHER-KOSEA_v1.1.md,SP-NAT-OTHER-KOSEA_v1.1,Y,N,미착수,,,
09-national,09-national/other/SP-NAT-OTHER-KNB_v1.1.md,SP-NAT-OTHER-KNB_v1.1,Y,N,미착수,,,
09-national,09-national/other/SP-NAT-OTHER-KOFIH_v1.1.md,SP-NAT-OTHER-KOFIH_v1.1,Y,N,미착수,,,
09-national,09-national/other/SP-NAT-OTHER-STA_v1.1.md,SP-NAT-OTHER-STA_v1.1,Y,N,미착수,,,
09-national,09-national/other/SP-NAT-OTHER-NKRF_v1.1.md,SP-NAT-OTHER-NKRF_v1.1,Y,N,미착수,,,
09-national,09-national/other/SP-NAT-OTHER-ADD_v1.1.md,SP-NAT-OTHER-ADD_v1.1,Y,N,미착수,,,
09-national,09-national/other/SP-NAT-OTHER-KEI_v1.1.md,SP-NAT-OTHER-KEI_v1.1,Y,N,미착수,,,
09-national,09-national/other/SP-NAT-OTHER-LTIKOREA_v1.1.md,SP-NAT-OTHER-LTIKOREA_v1.1,Y,N,미착수,,,
09-national,09-national/other/SP-NAT-OTHER-KOSTATPROMO_v1.1.md,SP-NAT-OTHER-KOSTATPROMO_v1.1,Y,N,미착수,,,
09-national,09-national/other/SP-NAT-OTHER-KEDI_v1.1.md,SP-NAT-OTHER-KEDI_v1.1,Y,N,미착수,,,
09-national,09-national/other/SP-NAT-OTHER-KODATA_v1.1.md,SP-NAT-OTHER-KODATA_v1.1,Y,N,미착수,,,
09-national,09-national/other/SP-NAT-OTHER-KOTI_v1.1.md,SP-NAT-OTHER-KOTI_v1.1,Y,N,미착수,,,
09-national,09-national/other/SP-NAT-OTHER-MABIK_v1.1.md,SP-NAT-OTHER-MABIK_v1.1,Y,N,미착수,,,
09-national,09-national/other/SP-NAT-OTHER-KVIC_v1.1.md,SP-NAT-OTHER-KVIC_v1.1,Y,N,미착수,,,
09-national,09-national/other/SP-NAT-OTHER-KOPSA_v1.1.md,SP-NAT-OTHER-KOPSA_v1.1,Y,N,미착수,,,
09-national,09-national/other/SP-NAT-OTHER-KYWA_v1.1.md,SP-NAT-OTHER-KYWA_v1.1,Y,N,미착수,,,
09-national,09-national/other/SP-NAT-OTHER-KODA_v1.1.md,SP-NAT-OTHER-KODA_v1.1,Y,N,미착수,,,
09-national,09-national/other/SP-NAT-OTHER-KNCSW_v1.1.md,SP-NAT-OTHER-KNCSW_v1.1,Y,N,미착수,,,
09-national,09-national/other/SP-NAT-OTHER-NIPA2_v1.1.md,SP-NAT-OTHER-NIPA2_v1.1,Y,N,미착수,,,
09-national,09-national/other/SP-NAT-OTHER-KRIVET_v1.1.md,SP-NAT-OTHER-KRIVET_v1.1,Y,N,미착수,,,
09-national,09-national/other/SP-NAT-OTHER-KISED_v1.1.md,SP-NAT-OTHER-KISED_v1.1,Y,N,미착수,,,
09-national,09-national/other/SP-NAT-OTHER-KOIPA_v1.1.md,SP-NAT-OTHER-KOIPA_v1.1,Y,N,미착수,,,
09-national,09-national/other/SP-NAT-OTHER-KIPA_v1.1.md,SP-NAT-OTHER-KIPA_v1.1,Y,N,미착수,,,
09-national,09-national/other/SP-NAT-OTHER-GADC_v1.1.md,SP-NAT-OTHER-GADC_v1.1,Y,N,미착수,,,
09-national,09-national/other/SP-NAT-OTHER-KLAC_v1.1.md,SP-NAT-OTHER-KLAC_v1.1,Y,N,미착수,,,
09-national,09-national/other/SP-NAT-OTHER-IBS_v1.1.md,SP-NAT-OTHER-IBS_v1.1,Y,N,미착수,,,
09-national,09-national/other/SP-NAT-OTHER-DGMIF_v1.1.md,SP-NAT-OTHER-DGMIF_v1.1,Y,N,미착수,,,
09-national,09-national/other/SP-NAT-OTHER-NAM_v1.1.md,SP-NAT-OTHER-NAM_v1.1,Y,N,미착수,,,
09-national,09-national/unlisted/SP-NAT-UNLISTED-IIACFM_v1.1.md,SP-NAT-UNLISTED-IIACFM_v1.1,Y,N,미착수,,,
09-national,09-national/unlisted/SP-NAT-UNLISTED-IBKSB_v1.1.md,SP-NAT-UNLISTED-IBKSB_v1.1,Y,N,미착수,,,
09-national,09-national/unlisted/SP-NAT-UNLISTED-KEPCOFMS_v1.1.md,SP-NAT-UNLISTED-KEPCOFMS_v1.1,Y,N,미착수,,,
09-national,09-national/unlisted/SP-NAT-UNLISTED-IBKSEC_v1.1.md,SP-NAT-UNLISTED-IBKSEC_v1.1,Y,N,미착수,,,
09-national,09-national/unlisted/SP-NAT-UNLISTED-SPOSTPENSION_v1.1.md,SP-NAT-UNLISTED-SPOSTPENSION_v1.1,Y,N,미착수,,,
09-national,09-national/unlisted/SP-NAT-UNLISTED-EASYCARE_v1.1.md,SP-NAT-UNLISTED-EASYCARE_v1.1,Y,N,미착수,,,
09-national,09-national/unlisted/SP-NAT-UNLISTED-IBKCB_v1.1.md,SP-NAT-UNLISTED-IBKCB_v1.1,Y,N,미착수,,,
09-national,09-national/unlisted/SP-NAT-UNLISTED-IBKAM_v1.1.md,SP-NAT-UNLISTED-IBKAM_v1.1,Y,N,미착수,,,
09-national,09-national/unlisted/SP-NAT-UNLISTED-KDBCAP_v1.1.md,SP-NAT-UNLISTED-KDBCAP_v1.1,Y,N,미착수,,,
09-national,09-national/unlisted/SP-NAT-UNLISTED-KLIC_v1.1.md,SP-NAT-UNLISTED-KLIC_v1.1,Y,N,미착수,,,
09-national,09-national/unlisted/SP-NAT-UNLISTED-KDBINFRA_v1.1.md,SP-NAT-UNLISTED-KDBINFRA_v1.1,Y,N,미착수,,,
09-national,09-national/unlisted/SP-NAT-UNLISTED-CAMCOFMC_v1.1.md,SP-NAT-UNLISTED-CAMCOFMC_v1.1,Y,N,미착수,,,
09-national,09-national/unlisted/SP-NAT-UNLISTED-ARIRANGMEDIA_v1.1.md,SP-NAT-UNLISTED-ARIRANGMEDIA_v1.1,Y,N,미착수,,,
09-national,09-national/unlisted/SP-NAT-UNLISTED-KDBLIFE_v1.1.md,SP-NAT-UNLISTED-KDBLIFE_v1.1,Y,N,미착수,,,
09-national,09-national/unlisted/SP-NAT-UNLISTED-EXFM_v1.1.md,SP-NAT-UNLISTED-EXFM_v1.1,Y,N,미착수,,,
09-national,09-national/unlisted/SP-NAT-UNLISTED-KEPCOCSC_v1.1.md,SP-NAT-UNLISTED-KEPCOCSC_v1.1,Y,N,미착수,,,
09-national,09-national/unlisted/SP-NAT-UNLISTED-KDBINVEST_v1.1.md,SP-NAT-UNLISTED-KDBINVEST_v1.1,Y,N,미착수,,,
09-national,09-national/unlisted/SP-NAT-UNLISTED-IBKCAP_v1.1.md,SP-NAT-UNLISTED-IBKCAP_v1.1,Y,N,미착수,,,
09-national,09-national/unlisted/SP-NAT-UNLISTED-IBKVC_v1.1.md,SP-NAT-UNLISTED-IBKVC_v1.1,Y,N,미착수,,,
09-national,09-national/unlisted/SP-NAT-UNLISTED-IBKSYS_v1.1.md,SP-NAT-UNLISTED-IBKSYS_v1.1,Y,N,미착수,,,
09-national,09-national/unlisted/SP-NAT-UNLISTED-LHWELFARE_v1.1.md,SP-NAT-UNLISTED-LHWELFARE_v1.1,Y,N,미착수,,,
09-national,09-national/unlisted/SP-NAT-UNLISTED-IBKPENSION_v1.1.md,SP-NAT-UNLISTED-IBKPENSION_v1.1,Y,N,미착수,,,
09-national,09-national/unlisted/SP-NAT-UNLISTED-KOGASSECURITY_v1.1.md,SP-NAT-UNLISTED-KOGASSECURITY_v1.1,Y,N,미착수,,,
09-national,09-national/enterprises/SP-NAT-ENT-KEPCO_v1.1.md,SP-NAT-ENT-KEPCO_v1.1,Y,N,미착수,,,
09-national,09-national/enterprises/SP-NAT-ENT-EWP_v1.1.md,SP-NAT-ENT-EWP_v1.1,Y,N,미착수,,,
09-national,09-national/enterprises/SP-NAT-ENT-REB_v1.1.md,SP-NAT-ENT-REB_v1.1,Y,N,미착수,,,
09-national,09-national/enterprises/SP-NAT-ENT-HUG_v1.1.md,SP-NAT-ENT-HUG_v1.1,Y,N,미착수,,,
09-national,09-national/enterprises/SP-NAT-ENT-KOGAS_v1.1.md,SP-NAT-ENT-KOGAS_v1.1,Y,N,미착수,,,
09-national,09-national/enterprises/SP-NAT-ENT-KOGAT_v1.1.md,SP-NAT-ENT-KOGAT_v1.1,Y,N,미착수,,,
09-national,09-national/enterprises/SP-NAT-ENT-LH_v1.1.md,SP-NAT-ENT-LH_v1.1,Y,N,미착수,,,
09-national,09-national/enterprises/SP-NAT-ENT-EX_v1.1.md,SP-NAT-ENT-EX_v1.1,Y,N,미착수,,,
09-national,09-national/enterprises/SP-NAT-ENT-KODIT_v1.1.md,SP-NAT-ENT-KODIT_v1.1,Y,N,미착수,,,
09-national,09-national/enterprises/SP-NAT-ENT-KOEM_v1.1.md,SP-NAT-ENT-KOEM_v1.1,Y,N,미착수,,,
09-national,09-national/enterprises/SP-NAT-ENT-KEPCOENG_v1.1.md,SP-NAT-ENT-KEPCOENG_v1.1,Y,N,미착수,,,
09-national,09-national/enterprises/SP-NAT-ENT-KOEN_v1.1.md,SP-NAT-ENT-KOEN_v1.1,Y,N,미착수,,,
09-national,09-national/enterprises/SP-NAT-ENT-KORAIL_v1.1.md,SP-NAT-ENT-KORAIL_v1.1,Y,N,미착수,,,
09-national,09-national/enterprises/SP-NAT-ENT-KNOC_v1.1.md,SP-NAT-ENT-KNOC_v1.1,Y,N,미착수,,,
09-national,09-national/enterprises/SP-NAT-ENT-KHNP_v1.1.md,SP-NAT-ENT-KHNP_v1.1,Y,N,미착수,,,
09-national,09-national/enterprises/SP-NAT-ENT-KOMIR_v1.1.md,SP-NAT-ENT-KOMIR_v1.1,Y,N,미착수,,,
09-national,09-national/enterprises/SP-NAT-ENT-KDN_v1.1.md,SP-NAT-ENT-KDN_v1.1,Y,N,미착수,,,
09-national,09-national/enterprises/SP-NAT-ENT-JDC_v1.1.md,SP-NAT-ENT-JDC_v1.1,Y,N,미착수,,,
09-national,09-national/enterprises/SP-NAT-ENT-KEPCOKPS_v1.1.md,SP-NAT-ENT-KEPCOKPS_v1.1,Y,N,미착수,,,
09-national,09-national/enterprises/SP-NAT-ENT-GKL_v1.1.md,SP-NAT-ENT-GKL_v1.1,Y,N,미착수,,,
09-national,09-national/enterprises/SP-NAT-ENT-KRA_v1.1.md,SP-NAT-ENT-KRA_v1.1,Y,N,미착수,,,
09-national,09-national/enterprises/SP-NAT-ENT-KOMIPO_v1.1.md,SP-NAT-ENT-KOMIPO_v1.1,Y,N,미착수,,,
09-national,09-national/enterprises/SP-NAT-ENT-KOSPO_v1.1.md,SP-NAT-ENT-KOSPO_v1.1,Y,N,미착수,,,
09-national,09-national/enterprises/SP-NAT-ENT-KOMSCO_v1.1.md,SP-NAT-ENT-KOMSCO_v1.1,Y,N,미착수,,,
09-national,09-national/enterprises/SP-NAT-ENT-KL_v1.1.md,SP-NAT-ENT-KL_v1.1,Y,N,미착수,,,
09-national,09-national/enterprises/SP-NAT-ENT-KAC_v1.1.md,SP-NAT-ENT-KAC_v1.1,Y,N,미착수,,,
09-national,09-national/enterprises/SP-NAT-ENT-IIAC_v1.1.md,SP-NAT-ENT-IIAC_v1.1,Y,N,미착수,,,
09-national,09-national/enterprises/SP-NAT-ENT-WP_v1.1.md,SP-NAT-ENT-WP_v1.1,Y,N,미착수,,,
09-national,09-national/enterprises/SP-NAT-ENT-KWATER_v1.1.md,SP-NAT-ENT-KWATER_v1.1,Y,N,미착수,,,
09-national,09-national/qgov/SP-NAT-QGOV-KISA_v1.2.md,SP-NAT-QGOV-KISA_v1.2,Y,N,미착수,,,
09-national,09-national/qgov/SP-NAT-QGOV-KOTRA2_v1.2.md,SP-NAT-QGOV-KOTRA2_v1.2,Y,N,미착수,,,
09-national,09-national/qgov/SP-NAT-QGOV-KNPS_v1.2.md,SP-NAT-QGOV-KNPS_v1.2,Y,N,미착수,,,
09-national,09-national/qgov/SP-NAT-QGOV-KOSMES_v1.2.md,SP-NAT-QGOV-KOSMES_v1.2,Y,N,미착수,,,
09-national,09-national/qgov/SP-NAT-QGOV-NIA2_v1.2.md,SP-NAT-QGOV-NIA2_v1.2,Y,N,미착수,,,
09-national,09-national/qgov/SP-NAT-QGOV-KEIT2_v1.2.md,SP-NAT-QGOV-KEIT2_v1.2,Y,N,미착수,,,
09-national,09-national/qgov/SP-NAT-QGOV-HF_v1.2.md,SP-NAT-QGOV-HF_v1.2,Y,N,미착수,,,
09-national,09-national/qgov/SP-NAT-QGOV-KODIT3_v1.2.md,SP-NAT-QGOV-KODIT3_v1.2,Y,N,미착수,,,
09-national,09-national/qgov/SP-NAT-QGOV-KTO_v1.2.md,SP-NAT-QGOV-KTO_v1.2,Y,N,미착수,,,
09-national,09-national/qgov/SP-NAT-QGOV-KICOX_v1.2.md,SP-NAT-QGOV-KICOX_v1.2,Y,N,미착수,,,
09-national,09-national/qgov/SP-NAT-QGOV-HRDKOREA_v1.2.md,SP-NAT-QGOV-HRDKOREA_v1.2,Y,N,미착수,,,
09-national,09-national/qgov/SP-NAT-QGOV-QIA3_v1.2.md,SP-NAT-QGOV-QIA3_v1.2,Y,N,미착수,,,
09-national,09-national/qgov/SP-NAT-QGOV-KESCO_v1.2.md,SP-NAT-QGOV-KESCO_v1.2,Y,N,미착수,,,
09-national,09-national/qgov/SP-NAT-QGOV-KOFIA2_v1.2.md,SP-NAT-QGOV-KOFIA2_v1.2,Y,N,미착수,,,
09-national,09-national/qgov/SP-NAT-QGOV-NPS_v1.2.md,SP-NAT-QGOV-NPS_v1.2,Y,N,미착수,,,
09-national,09-national/qgov/SP-NAT-QGOV-HIRA_v1.2.md,SP-NAT-QGOV-HIRA_v1.2,Y,N,미착수,,,
09-national,09-national/qgov/SP-NAT-QGOV-POSTLOG2_v1.2.md,SP-NAT-QGOV-POSTLOG2_v1.2,Y,N,미착수,,,
09-national,09-national/qgov/SP-NAT-QGOV-KORAD_v1.2.md,SP-NAT-QGOV-KORAD_v1.2,Y,N,미착수,,,
09-national,09-national/qgov/SP-NAT-QGOV-KCA2_v1.2.md,SP-NAT-QGOV-KCA2_v1.2,Y,N,미착수,,,
09-national,09-national/qgov/SP-NAT-QGOV-POSTFIN2_v1.2.md,SP-NAT-QGOV-POSTFIN2_v1.2,Y,N,미착수,,,
09-national,09-national/qgov/SP-NAT-QGOV-NIE_v1.2.md,SP-NAT-QGOV-NIE_v1.2,Y,N,미착수,,,
09-national,09-national/qgov/SP-NAT-QGOV-KECO_v1.2.md,SP-NAT-QGOV-KECO_v1.2,Y,N,미착수,,,
09-national,09-national/qgov/SP-NAT-QGOV-SEMAS_v1.2.md,SP-NAT-QGOV-SEMAS_v1.2,Y,N,미착수,,,
09-national,09-national/qgov/SP-NAT-QGOV-KOFOWI_v1.2.md,SP-NAT-QGOV-KOFOWI_v1.2,Y,N,미착수,,,
09-national,09-national/qgov/SP-NAT-QGOV-KOSAF_v1.2.md,SP-NAT-QGOV-KOSAF_v1.2,Y,N,미착수,,,
09-national,09-national/qgov/SP-NAT-QGOV-KOICA2_v1.2.md,SP-NAT-QGOV-KOICA2_v1.2,Y,N,미착수,,,
09-national,09-national/qgov/SP-NAT-QGOV-KPETRO_v1.2.md,SP-NAT-QGOV-KPETRO_v1.2,Y,N,미착수,,,
09-national,09-national/qgov/SP-NAT-QGOV-LX2_v1.2.md,SP-NAT-QGOV-LX2_v1.2,Y,N,미착수,,,
09-national,09-national/qgov/SP-NAT-QGOV-KEITI_v1.2.md,SP-NAT-QGOV-KEITI_v1.2,Y,N,미착수,,,
09-national,09-national/qgov/SP-NAT-QGOV-KDIC_v1.2.md,SP-NAT-QGOV-KDIC_v1.2,Y,N,미착수,,,
09-national,09-national/qgov/SP-NAT-QGOV-AT_v1.2.md,SP-NAT-QGOV-AT_v1.2,Y,N,미착수,,,
09-national,09-national/qgov/SP-NAT-QGOV-GEPS_v1.2.md,SP-NAT-QGOV-GEPS_v1.2,Y,N,미착수,,,
09-national,09-national/qgov/SP-NAT-QGOV-KEA3_v1.2.md,SP-NAT-QGOV-KEA3_v1.2,Y,N,미착수,,,
09-national,09-national/qgov/SP-NAT-QGOV-KODIT4_v1.2.md,SP-NAT-QGOV-KODIT4_v1.2,Y,N,미착수,,,
09-national,09-national/qgov/SP-NAT-QGOV-KALIS_v1.2.md,SP-NAT-QGOV-KALIS_v1.2,Y,N,미착수,,,
09-national,09-national/qgov/SP-NAT-QGOV-KIAT2_v1.2.md,SP-NAT-QGOV-KIAT2_v1.2,Y,N,미착수,,,
09-national,09-national/qgov/SP-NAT-QGOV-KOMSA2_v1.2.md,SP-NAT-QGOV-KOMSA2_v1.2,Y,N,미착수,,,
09-national,09-national/qgov/SP-NAT-QGOV-TS_v1.2.md,SP-NAT-QGOV-TS_v1.2,Y,N,미착수,,,
09-national,09-national/qgov/SP-NAT-QGOV-KCA3_v1.2.md,SP-NAT-QGOV-KCA3_v1.2,Y,N,미착수,,,
09-national,09-national/qgov/SP-NAT-QGOV-KAMCO_v1.2.md,SP-NAT-QGOV-KAMCO_v1.2,Y,N,미착수,,,
09-national,09-national/qgov/SP-NAT-QGOV-KRC2_v1.2.md,SP-NAT-QGOV-KRC2_v1.2,Y,N,미착수,,,
09-national,09-national/qgov/SP-NAT-QGOV-KOAGI_v1.2.md,SP-NAT-QGOV-KOAGI_v1.2,Y,N,미착수,,,
09-national,09-national/qgov/SP-NAT-QGOV-KSPO_v1.2.md,SP-NAT-QGOV-KSPO_v1.2,Y,N,미착수,,,
09-national,09-national/qgov/SP-NAT-QGOV-KCOMWEL_v1.2.md,SP-NAT-QGOV-KCOMWEL_v1.2,Y,N,미착수,,,
09-national,09-national/qgov/SP-NAT-QGOV-KRAJ_v1.2.md,SP-NAT-QGOV-KRAJ_v1.2,Y,N,미착수,,,
09-national,09-national/qgov/SP-NAT-QGOV-KOSSA_v1.2.md,SP-NAT-QGOV-KOSSA_v1.2,Y,N,미착수,,,
09-national,09-national/qgov/SP-NAT-QGOV-KEAD_v1.2.md,SP-NAT-QGOV-KEAD_v1.2,Y,N,미착수,,,
09-national,09-national/qgov/SP-NAT-QGOV-KVMC2_v1.2.md,SP-NAT-QGOV-KVMC2_v1.2,Y,N,미착수,,,
09-national,09-national/qgov/SP-NAT-QGOV-KOELSA_v1.2.md,SP-NAT-QGOV-KOELSA_v1.2,Y,N,미착수,,,
09-national,09-national/qgov/SP-NAT-QGOV-KGS_v1.2.md,SP-NAT-QGOV-KGS_v1.2,Y,N,미착수,,,
09-national,09-national/qgov/SP-NAT-QGOV-KOTSA2_v1.2.md,SP-NAT-QGOV-KOTSA2_v1.2,Y,N,미착수,,,
09-national,09-national/qgov/SP-NAT-QGOV-KEIS_v1.2.md,SP-NAT-QGOV-KEIS_v1.2,Y,N,미착수,,,
09-national,09-national/qgov/SP-NAT-QGOV-KOSHA2_v1.2.md,SP-NAT-QGOV-KOSHA2_v1.2,Y,N,미착수,,,
09-national,09-national/qgov/SP-NAT-QGOV-KPX2_v1.2.md,SP-NAT-QGOV-KPX2_v1.2,Y,N,미착수,,,
09-national,09-national/qgov/SP-NAT-QGOV-KSURE_v1.2.md,SP-NAT-QGOV-KSURE_v1.2,Y,N,미착수,,,
09-national,09-national/qgov/SP-NAT-QGOV-NHIS_v1.2.md,SP-NAT-QGOV-NHIS_v1.2,Y,N,미착수,,,
09-national,09-national/qgov/SP-NAT-QGOV-KR_v1.2.md,SP-NAT-QGOV-KR_v1.2,Y,N,미착수,,,
09-national,09-national/qgov/SP-NAT-QGOV-NRF_v1.2.md,SP-NAT-QGOV-NRF_v1.2,Y,N,미착수,,,
07-org,07-org/SP-ORG-GJWOMEN_v1.0.md,SP-ORG-GJWOMEN_v1.0,Y,N,미착수,,,
07-org,07-org/SP-ORG-DJCF_v1.0.md,SP-ORG-DJCF_v1.0,Y,N,미착수,,,
07-org,07-org/SP-ORG-JNMED_v1.0.md,SP-ORG-JNMED_v1.0,Y,N,미착수,,,
07-org,07-org/SP-ORG-KOCEF_v1.0.md,SP-ORG-KOCEF_v1.0,Y,N,미착수,,,
07-org,07-org/SP-ORG-JTO_v1.0.md,제주관광공사(JTO),Y,N,미착수,,,
07-org,07-org/SP-ORG-ICCGF_v1.0.md,SP-ORG-ICCGF_v1.0,Y,N,미착수,,,
07-org,07-org/SP-ORG-JFAC_v1.0.md,제주문화예술재단,Y,N,미착수,,,
07-org,07-org/SP-ORG-BTIP_v1.0.md,SP-ORG-BTIP_v1.0,Y,N,미착수,,,
07-org,07-org/SP-ORG-GGEEA_v1.0.md,SP-ORG-GGEEA_v1.0,Y,N,미착수,,,
07-org,07-org/SP-ORG-JPASS_v1.0.md,제주특별자치도사회서비스원,Y,N,미착수,,,
07-org,07-org/SP-ORG-ICLIFE_v1.0.md,SP-ORG-ICLIFE_v1.0,Y,N,미착수,,,
07-org,07-org/SP-ORG-GBRI_v1.0.md,SP-ORG-GBRI_v1.0,Y,N,미착수,,,
07-org,07-org/SP-ORG-GBMEDX2_v1.0.md,SP-ORG-GBMEDX2_v1.0,Y,N,미착수,,,
07-org,07-org/SP-ORG-GWMEMORIAL_v1.0.md,SP-ORG-GWMEMORIAL_v1.0,Y,N,미착수,,,
07-org,07-org/SP-ORG-DJRI_v1.0.md,SP-ORG-DJRI_v1.0,Y,N,미착수,,,
07-org,07-org/SP-ORG-CNTP_v1.0.md,SP-ORG-CNTP_v1.0,Y,N,미착수,,,
07-org,07-org/SP-ORG-CBRIX2_v1.0.md,SP-ORG-CBRIX2_v1.0,Y,N,미착수,,,
07-org,07-org/SP-ORG-GGMED_v1.0.md,SP-ORG-GGMED_v1.0,Y,N,미착수,,,
07-org,07-org/SP-ORG-GGCULTURE_v1.0.md,SP-ORG-GGCULTURE_v1.0,Y,N,미착수,,,
07-org,07-org/SP-ORG-DJTP_v1.0.md,SP-ORG-DJTP_v1.0,Y,N,미착수,,,
07-org,07-org/SP-ORG-GWSSO_v1.0.md,SP-ORG-GWSSO_v1.0,Y,N,미착수,,,
07-org,07-org/SP-ORG-CBMISC1_v1.0.md,SP-ORG-CBMISC1_v1.0,Y,N,미착수,,,
07-org,07-org/SP-ORG-SEOULCGF_v1.0.md,SP-ORG-SEOULCGF_v1.0,Y,N,미착수,,,
07-org,07-org/SP-ORG-ICCF_v1.0.md,SP-ORG-ICCF_v1.0,Y,N,미착수,,,
07-org,07-org/SP-ORG-DGSSO_v1.0.md,SP-ORG-DGSSO_v1.0,Y,N,미착수,,,
07-org,07-org/SP-ORG-GWRIX4_v1.0.md,SP-ORG-GWRIX4_v1.0,Y,N,미착수,,,
07-org,07-org/SP-ORG-GNSSO_v1.0.md,SP-ORG-GNSSO_v1.0,Y,N,미착수,,,
07-org,07-org/SP-ORG-CBMEDX2_v1.0.md,SP-ORG-CBMEDX2_v1.0,Y,N,미착수,,,
07-org,07-org/SP-ORG-JBIPA_v1.0.md,SP-ORG-JBIPA_v1.0,Y,N,미착수,,,
07-org,07-org/SP-ORG-SJVENTURE_v1.0.md,SP-ORG-SJVENTURE_v1.0,Y,N,미착수,,,
07-org,07-org/SP-ORG-JBAUTOTECH_v1.0.md,SP-ORG-JBAUTOTECH_v1.0,Y,N,미착수,,,
07-org,07-org/SP-ORG-IPF_v1.0.md,국제평화재단,Y,N,미착수,,,
07-org,07-org/SP-ORG-CBDORM_v1.0.md,SP-ORG-CBDORM_v1.0,Y,N,미착수,,,
07-org,07-org/SP-ORG-JTP_v1.0.md,제주테크노파크(JTP),Y,N,미착수,,,
07-org,07-org/SP-ORG-JNBIZ_v1.0.md,SP-ORG-JNBIZ_v1.0,Y,N,미착수,,,
07-org,07-org/SP-ORG-CNCGF_v1.0.md,SP-ORG-CNCGF_v1.0,Y,N,미착수,,,
07-org,07-org/SP-ORG-USJOB_v1.0.md,SP-ORG-USJOB_v1.0,Y,N,미착수,,,
07-org,07-org/SP-ORG-CBLIFE_v1.0.md,SP-ORG-CBLIFE_v1.0,Y,N,미착수,,,
07-org,07-org/SP-ORG-GBSAEMAUL_v1.0.md,SP-ORG-GBSAEMAUL_v1.0,Y,N,미착수,,,
07-org,07-org/SP-ORG-SFAC_v1.0.md,SP-ORG-SFAC_v1.0,Y,N,미착수,,,
07-org,07-org/SP-ORG-GWCF_v1.0.md,SP-ORG-GWCF_v1.0,Y,N,미착수,,,
07-org,07-org/SP-ORG-JCPA_v1.0.md,제주영상문화산업진흥원,Y,N,미착수,,,
07-org,07-org/SP-ORG-ICRI_v1.0.md,SP-ORG-ICRI_v1.0,Y,N,미착수,,,
07-org,07-org/SP-ORG-GBRIX2_v1.0.md,SP-ORG-GBRIX2_v1.0,Y,N,미착수,,,
07-org,07-org/SP-ORG-SGPMED_v1.0.md,서귀포의료원,Y,N,미착수,,,
07-org,07-org/SP-ORG-SJSSO_v1.0.md,SP-ORG-SJSSO_v1.0,Y,N,미착수,,,
07-org,07-org/SP-ORG-USSSO_v1.0.md,SP-ORG-USSSO_v1.0,Y,N,미착수,,,
07-org,07-org/SP-ORG-CNRIX2_v1.0.md,SP-ORG-CNRIX2_v1.0,Y,N,미착수,,,
07-org,07-org/SP-ORG-GNENV_v1.0.md,SP-ORG-GNENV_v1.0,Y,N,미착수,,,
07-org,07-org/SP-ORG-JNMEMORIAL_v1.0.md,SP-ORG-JNMEMORIAL_v1.0,Y,N,미착수,,,
07-org,07-org/SP-ORG-GWWATER_v1.0.md,SP-ORG-GWWATER_v1.0,Y,N,미착수,,,
07-org,07-org/SP-ORG-USIPA_v1.0.md,SP-ORG-USIPA_v1.0,Y,N,미착수,,,
07-org,07-org/SP-ORG-GJMOBILITY_v1.0.md,SP-ORG-GJMOBILITY_v1.0,Y,N,미착수,,,
07-org,07-org/SP-ORG-GJENV_v1.0.md,SP-ORG-GJENV_v1.0,Y,N,미착수,,,
07-org,07-org/SP-ORG-DGMED_v1.0.md,SP-ORG-DGMED_v1.0,Y,N,미착수,,,
07-org,07-org/SP-ORG-GGDJTP_v1.0.md,SP-ORG-GGDJTP_v1.0,Y,N,미착수,,,
07-org,07-org/SP-ORG-BSCULTUREHALL_v1.0.md,SP-ORG-BSCULTUREHALL_v1.0,Y,N,미착수,,,
07-org,07-org/SP-ORG-SWFF_v1.0.md,SP-ORG-SWFF_v1.0,Y,N,미착수,,,
07-org,07-org/SP-ORG-BUSANTRANSIT_v1.0.md,"부산교통공사(BTC, 애칭 ""휴메트로"")",Y,N,미착수,,,
07-org,07-org/SP-ORG-DJHYO_v1.0.md,SP-ORG-DJHYO_v1.0,Y,N,미착수,,,
07-org,07-org/SP-ORG-DJINVEST_v1.0.md,SP-ORG-DJINVEST_v1.0,Y,N,미착수,,,
07-org,07-org/SP-ORG-JBMEDX2_v1.0.md,SP-ORG-JBMEDX2_v1.0,Y,N,미착수,,,
07-org,07-org/SP-ORG-ICWOMEN_v1.0.md,SP-ORG-ICWOMEN_v1.0,Y,N,미착수,,,
07-org,07-org/SP-ORG-GJCGF_v1.0.md,SP-ORG-GJCGF_v1.0,Y,N,미착수,,,
07-org,07-org/SP-ORG-GWRI_v1.0.md,SP-ORG-GWRI_v1.0,Y,N,미착수,,,
07-org,07-org/SP-ORG-BSSTEP_v1.0.md,SP-ORG-BSSTEP_v1.0,Y,N,미착수,,,
07-org,07-org/SP-ORG-DGMISC1_v1.0.md,SP-ORG-DGMISC1_v1.0,Y,N,미착수,,,
07-org,07-org/SP-ORG-ICMISC1_v1.0.md,SP-ORG-ICMISC1_v1.0,Y,N,미착수,,,
07-org,07-org/SP-ORG-USCGF_v1.0.md,SP-ORG-USCGF_v1.0,Y,N,미착수,,,
07-org,07-org/SP-ORG-GGSTEP_v1.0.md,SP-ORG-GGSTEP_v1.0,Y,N,미착수,,,
07-org,07-org/SP-ORG-GNSCHOL_v1.0.md,SP-ORG-GNSCHOL_v1.0,Y,N,미착수,,,
07-org,07-org/SP-ORG-GGACE_v1.0.md,SP-ORG-GGACE_v1.0,Y,N,미착수,,,
07-org,07-org/SP-ORG-BTP_v1.0.md,SP-ORG-BTP_v1.0,Y,N,미착수,,,
07-org,07-org/SP-ORG-GBKOREANOLOGY_v1.0.md,SP-ORG-GBKOREANOLOGY_v1.0,Y,N,미착수,,,
07-org,07-org/SP-ORG-DASAN120_v1.0.md,SP-ORG-DASAN120_v1.0,Y,N,미착수,,,
07-org,07-org/SP-ORG-GNCGF_v1.0.md,SP-ORG-GNCGF_v1.0,Y,N,미착수,,,
07-org,07-org/SP-ORG-GGLIFE_v1.0.md,SP-ORG-GGLIFE_v1.0,Y,N,미착수,,,
07-org,07-org/SP-ORG-GBMISC1_v1.0.md,SP-ORG-GBMISC1_v1.0,Y,N,미착수,,,
07-org,07-org/SP-ORG-GNMISC1_v1.0.md,SP-ORG-GNMISC1_v1.0,Y,N,미착수,,,
07-org,07-org/SP-ORG-CBMISC2_v1.0.md,SP-ORG-CBMISC2_v1.0,Y,N,미착수,,,
07-org,07-org/SP-ORG-CNMEDX3_v1.0.md,SP-ORG-CNMEDX3_v1.0,Y,N,미착수,,,
07-org,07-org/SP-ORG-BSCF_v1.0.md,SP-ORG-BSCF_v1.0,Y,N,미착수,,,
07-org,07-org/SP-ORG-GBMED_v1.0.md,SP-ORG-GBMED_v1.0,Y,N,미착수,,,
07-org,07-org/SP-ORG-GBENV_v1.0.md,SP-ORG-GBENV_v1.0,Y,N,미착수,,,
07-org,07-org/SP-ORG-JBWOMEN_v1.0.md,SP-ORG-JBWOMEN_v1.0,Y,N,미착수,,,
07-org,07-org/SP-ORG-ICMED_v1.0.md,SP-ORG-ICMED_v1.0,Y,N,미착수,,,
07-org,07-org/SP-ORG-ICCJEJU_v1.0.md,제주국제컨벤션센터(ICC JEJU),Y,N,미착수,,,
07-org,07-org/SP-ORG-CNTOURISM_v1.0.md,SP-ORG-CNTOURISM_v1.0,Y,N,미착수,,,
07-org,07-org/SP-ORG-CBBIO_v1.0.md,SP-ORG-CBBIO_v1.0,Y,N,미착수,,,
07-org,07-org/SP-ORG-SEOULMED_v1.0.md,SP-ORG-SEOULMED_v1.0,Y,N,미착수,,,
07-org,07-org/SP-ORG-GWTP_v1.0.md,SP-ORG-GWTP_v1.0,Y,N,미착수,,,
07-org,07-org/SP-ORG-GWCGF_v1.0.md,SP-ORG-GWCGF_v1.0,Y,N,미착수,,,
07-org,07-org/SP-ORG-GJIPA_v1.0.md,SP-ORG-GJIPA_v1.0,Y,N,미착수,,,
07-org,07-org/SP-ORG-GJDESIGN_v1.0.md,SP-ORG-GJDESIGN_v1.0,Y,N,미착수,,,
07-org,07-org/SP-ORG-GWWIND_v1.0.md,SP-ORG-GWWIND_v1.0,Y,N,미착수,,,
07-org,07-org/SP-ORG-GWMISC2_v1.0.md,SP-ORG-GWMISC2_v1.0,Y,N,미착수,,,
07-org,07-org/SP-ORG-CNBEA_v1.0.md,SP-ORG-CNBEA_v1.0,Y,N,미착수,,,
07-org,07-org/SP-ORG-JNLIFE_v1.0.md,SP-ORG-JNLIFE_v1.0,Y,N,미착수,,,
07-org,07-org/SP-ORG-CNCONTENT_v1.0.md,SP-ORG-CNCONTENT_v1.0,Y,N,미착수,,,
07-org,07-org/SP-ORG-GGMARKET_v1.0.md,SP-ORG-GGMARKET_v1.0,Y,N,미착수,,,
07-org,07-org/SP-ORG-DGRI_v1.0.md,SP-ORG-DGRI_v1.0,Y,N,미착수,,,
07-org,07-org/SP-ORG-SJTOURISM_v1.0.md,SP-ORG-SJTOURISM_v1.0,Y,N,미착수,,,
07-org,07-org/SP-ORG-JNYOUTH_v1.0.md,SP-ORG-JNYOUTH_v1.0,Y,N,미착수,,,
07-org,07-org/SP-ORG-GNRI_v1.0.md,SP-ORG-GNRI_v1.0,Y,N,미착수,,,
07-org,07-org/SP-ORG-DJIPA_v1.0.md,SP-ORG-DJIPA_v1.0,Y,N,미착수,,,
07-org,07-org/SP-ORG-BEXCO_v1.0.md,SP-ORG-BEXCO_v1.0,Y,N,미착수,,,
07-org,07-org/SP-ORG-CBBIZ_v1.0.md,SP-ORG-CBBIZ_v1.0,Y,N,미착수,,,
07-org,07-org/SP-ORG-GJSSO_v1.0.md,SP-ORG-GJSSO_v1.0,Y,N,미착수,,,
07-org,07-org/SP-ORG-JNTP_v1.0.md,SP-ORG-JNTP_v1.0,Y,N,미착수,,,
07-org,07-org/SP-ORG-GNMISC2_v1.0.md,SP-ORG-GNMISC2_v1.0,Y,N,미착수,,,
07-org,07-org/SP-ORG-GNTOURISM_v1.0.md,SP-ORG-GNTOURISM_v1.0,Y,N,미착수,,,
07-org,07-org/SP-ORG-GGJOB_v1.0.md,SP-ORG-GGJOB_v1.0,Y,N,미착수,,,
07-org,07-org/SP-ORG-JNMEDX2_v1.0.md,SP-ORG-JNMEDX2_v1.0,Y,N,미착수,,,
07-org,07-org/SP-ORG-GGRI_v1.0.md,SP-ORG-GGRI_v1.0,Y,N,미착수,,,
07-org,07-org/SP-ORG-CNMED_v1.0.md,SP-ORG-CNMED_v1.0,Y,N,미착수,,,
07-org,07-org/SP-ORG-CNMEDX2_v1.0.md,SP-ORG-CNMEDX2_v1.0,Y,N,미착수,,,
07-org,07-org/SP-ORG-JNCF_v1.0.md,SP-ORG-JNCF_v1.0,Y,N,미착수,,,
07-org,07-org/SP-ORG-SJRI_v1.0.md,SP-ORG-SJRI_v1.0,Y,N,미착수,,,
07-org,07-org/SP-ORG-GNLIFE_v1.0.md,SP-ORG-GNLIFE_v1.0,Y,N,미착수,,,
07-org,07-org/SP-ORG-JBTOURISM_v1.0.md,SP-ORG-JBTOURISM_v1.0,Y,N,미착수,,,
07-org,07-org/SP-ORG-GWWOMENTRAIN_v1.0.md,SP-ORG-GWWOMENTRAIN_v1.0,Y,N,미착수,,,
07-org,07-org/SP-ORG-MAEUL_v1.0.md,제주마을만들기종합지원센터,Y,N,미착수,,,
07-org,07-org/SP-ORG-JBRIX2_v1.0.md,SP-ORG-JBRIX2_v1.0,Y,N,미착수,,,
07-org,07-org/SP-ORG-JNIPA_v1.0.md,SP-ORG-JNIPA_v1.0,Y,N,미착수,,,
07-org,07-org/SP-ORG-JNMARKET2_v1.0.md,SP-ORG-JNMARKET2_v1.0,Y,N,미착수,,,
07-org,07-org/SP-ORG-CBRI_v1.0.md,SP-ORG-CBRI_v1.0,Y,N,미착수,,,
07-org,07-org/SP-ORG-GGTP_v1.0.md,SP-ORG-GGTP_v1.0,Y,N,미착수,,,
07-org,07-org/SP-ORG-GWDESIGN_v1.0.md,SP-ORG-GWDESIGN_v1.0,Y,N,미착수,,,
07-org,07-org/SP-ORG-JOMRI_v1.0.md,SP-ORG-JOMRI_v1.0,Y,N,미착수,,,
07-org,07-org/SP-ORG-ICTP_v1.0.md,SP-ORG-ICTP_v1.0,Y,N,미착수,,,
07-org,07-org/SP-ORG-GNFUTURE_v1.0.md,SP-ORG-GNFUTURE_v1.0,Y,N,미착수,,,
07-org,07-org/SP-ORG-BDI_v1.0.md,SP-ORG-BDI_v1.0,Y,N,미착수,,,
07-org,07-org/SP-ORG-SEOULINVEST_v1.0.md,SP-ORG-SEOULINVEST_v1.0,Y,N,미착수,,,
07-org,07-org/SP-ORG-BIPA_v1.0.md,SP-ORG-BIPA_v1.0,Y,N,미착수,,,
07-org,07-org/SP-ORG-GNWOMEN_v1.0.md,SP-ORG-GNWOMEN_v1.0,Y,N,미착수,,,
07-org,07-org/SP-ORG-GBWOMEN_v1.0.md,SP-ORG-GBWOMEN_v1.0,Y,N,미착수,,,
07-org,07-org/SP-ORG-SJMISC1_v1.0.md,SP-ORG-SJMISC1_v1.0,Y,N,미착수,,,
07-org,07-org/SP-ORG-GJLIFE_v1.0.md,SP-ORG-GJLIFE_v1.0,Y,N,미착수,,,
07-org,07-org/SP-ORG-DJLIFE_v1.0.md,SP-ORG-DJLIFE_v1.0,Y,N,미착수,,,
07-org,07-org/SP-ORG-GBAGRI_v1.0.md,SP-ORG-GBAGRI_v1.0,Y,N,미착수,,,
07-org,07-org/SP-ORG-BEPA_v1.0.md,SP-ORG-BEPA_v1.0,Y,N,미착수,,,
07-org,07-org/SP-ORG-GNTP_v1.0.md,SP-ORG-GNTP_v1.0,Y,N,미착수,,,
07-org,07-org/SP-ORG-GWMEDX5_v1.0.md,SP-ORG-GWMEDX5_v1.0,Y,N,미착수,,,
07-org,07-org/SP-ORG-GBDOKDO_v1.0.md,SP-ORG-GBDOKDO_v1.0,Y,N,미착수,,,
07-org,07-org/SP-ORG-JCGF_v1.0.md,제주신용보증재단,Y,N,진행중,"jcgf:credit_guarantee_application 등록 작업 완료, PR 생성 명령어 전달함 — main 병합 확인 대기 중",,
07-org,07-org/SP-ORG-JEJUMED_v1.0.md,제주의료원,Y,N,미착수,,,
07-org,07-org/SP-ORG-GNRIX2_v1.0.md,SP-ORG-GNRIX2_v1.0,Y,N,미착수,,,
07-org,07-org/SP-ORG-GGSE_v1.0.md,SP-ORG-GGSE_v1.0,Y,N,미착수,,,
07-org,07-org/SP-ORG-CBCF_v1.0.md,SP-ORG-CBCF_v1.0,Y,N,미착수,,,
07-org,07-org/SP-ORG-GJTP_v1.0.md,SP-ORG-GJTP_v1.0,Y,N,미착수,,,
07-org,07-org/SP-ORG-JBMED_v1.0.md,SP-ORG-JBMED_v1.0,Y,N,미착수,,,
07-org,07-org/SP-ORG-DJSSO_v1.0.md,SP-ORG-DJSSO_v1.0,Y,N,미착수,,,
07-org,07-org/SP-ORG-JNCGF_v1.0.md,SP-ORG-JNCGF_v1.0,Y,N,미착수,,,
07-org,07-org/SP-ORG-DJBEA_v1.0.md,SP-ORG-DJBEA_v1.0,Y,N,미착수,,,
07-org,07-org/SP-ORG-JNIPAX3_v1.0.md,SP-ORG-JNIPAX3_v1.0,Y,N,미착수,,,
07-org,07-org/SP-ORG-USTP_v1.0.md,SP-ORG-USTP_v1.0,Y,N,미착수,,,
07-org,07-org/SP-ORG-DJCGF_v1.0.md,SP-ORG-DJCGF_v1.0,Y,N,미착수,,,
07-org,07-org/SP-ORG-SEJONGPAC_v1.0.md,SP-ORG-SEJONGPAC_v1.0,Y,N,미착수,,,
07-org,07-org/SP-ORG-JEDA_v1.0.md,제주경제통상진흥원,Y,N,미착수,,,
07-org,07-org/SP-ORG-GNROBOT_v1.0.md,SP-ORG-GNROBOT_v1.0,Y,N,미착수,,,
07-org,07-org/SP-ORG-SJBEA_v1.0.md,SP-ORG-SJBEA_v1.0,Y,N,미착수,,,
07-org,07-org/SP-ORG-JPSPO_v1.0.md,제주특별자치도장애인체육회,Y,N,미착수,,,
07-org,07-org/SP-ORG-ICSSO_v1.0.md,SP-ORG-ICSSO_v1.0,Y,N,미착수,,,
07-org,07-org/SP-ORG-CBTP_v1.0.md,SP-ORG-CBTP_v1.0,Y,N,미착수,,,
07-org,07-org/SP-ORG-SJTP_v1.0.md,SP-ORG-SJTP_v1.0,Y,N,미착수,,,
07-org,07-org/SP-ORG-SILE_v1.0.md,SP-ORG-SILE_v1.0,Y,N,미착수,,,
07-org,07-org/SP-ORG-JNTOURISM_v1.0.md,SP-ORG-JNTOURISM_v1.0,Y,N,미착수,,,
07-org,07-org/SP-ORG-GBVETERAN_v1.0.md,SP-ORG-GBVETERAN_v1.0,Y,N,미착수,,,
07-org,07-org/SP-ORG-GWMEDX3_v1.0.md,SP-ORG-GWMEDX3_v1.0,Y,N,미착수,,,
07-org,07-org/SP-ORG-CBCGF_v1.0.md,SP-ORG-CBCGF_v1.0,Y,N,미착수,,,
07-org,07-org/SP-ORG-GGAGRI_v1.0.md,SP-ORG-GGAGRI_v1.0,Y,N,미착수,,,
07-org,07-org/SP-ORG-DGTP_v1.0.md,SP-ORG-DGTP_v1.0,Y,N,미착수,,,
07-org,07-org/SP-ORG-CBSSO_v1.0.md,SP-ORG-CBSSO_v1.0,Y,N,미착수,,,
07-org,07-org/SP-ORG-BSCGF_v1.0.md,SP-ORG-BSCGF_v1.0,Y,N,미착수,,,
07-org,07-org/SP-ORG-GJGLOBAL_v1.0.md,SP-ORG-GJGLOBAL_v1.0,Y,N,미착수,,,
07-org,07-org/SP-ORG-JBINTL_v1.0.md,SP-ORG-JBINTL_v1.0,Y,N,미착수,,,
07-org,07-org/SP-ORG-BSMED_v1.0.md,SP-ORG-BSMED_v1.0,Y,N,미착수,,,
07-org,07-org/SP-ORG-URBANREGEN_v1.0.md,제주특별자치도 도시재생지원센터,Y,N,미착수,,,
07-org,07-org/SP-ORG-GWMEDX4_v1.0.md,SP-ORG-GWMEDX4_v1.0,Y,N,미착수,,,
07-org,07-org/SP-ORG-JEA_v1.0.md,제주에너지공사(JEA),Y,N,미착수,,,
07-org,07-org/SP-ORG-SJAGRICORP_v1.0.md,SP-ORG-SJAGRICORP_v1.0,Y,N,미착수,,,
07-org,07-org/SP-ORG-GWBEA_v1.0.md,SP-ORG-GWBEA_v1.0,Y,N,미착수,,,
07-org,07-org/SP-ORG-GWTALENT_v1.0.md,SP-ORG-GWTALENT_v1.0,Y,N,미착수,,,
07-org,07-org/SP-ORG-SBA_v1.0.md,SP-ORG-SBA_v1.0,Y,N,미착수,,,
07-org,07-org/SP-ORG-JSPO_v1.0.md,제주특별자치도체육회,Y,N,미착수,,,
07-org,07-org/SP-ORG-JBCGF_v1.0.md,SP-ORG-JBCGF_v1.0,Y,N,미착수,,,
07-org,07-org/SP-ORG-CNMEDX4_v1.0.md,SP-ORG-CNMEDX4_v1.0,Y,N,미착수,,,
07-org,07-org/SP-ORG-JNRI_v1.0.md,SP-ORG-JNRI_v1.0,Y,N,미착수,,,
07-org,07-org/SP-ORG-GGWOMEN_v1.0.md,SP-ORG-GGWOMEN_v1.0,Y,N,미착수,,,
07-org,07-org/SP-ORG-DJMISC1_v1.0.md,SP-ORG-DJMISC1_v1.0,Y,N,미착수,,,
07-org,07-org/SP-ORG-GWMEDX2_v1.0.md,SP-ORG-GWMEDX2_v1.0,Y,N,미착수,,,
07-org,07-org/SP-ORG-DJDESIGN_v1.0.md,SP-ORG-DJDESIGN_v1.0,Y,N,미착수,,,
07-org,07-org/SP-ORG-JILES_v1.0.md,제주평생교육장학진흥원,Y,N,미착수,,,
07-org,07-org/SP-ORG-GBCF_v1.0.md,SP-ORG-GBCF_v1.0,Y,N,미착수,,,
07-org,07-org/SP-ORG-JTA_v1.0.md,제주특별자치도관광협회,Y,N,미착수,,,
07-org,07-org/SP-ORG-DJIPAX2_v1.0.md,SP-ORG-DJIPAX2_v1.0,Y,N,미착수,,,
07-org,07-org/SP-ORG-USTOURISM_v1.0.md,SP-ORG-USTOURISM_v1.0,Y,N,미착수,,,
07-org,07-org/SP-ORG-SPO_v1.0.md,SP-ORG-SPO_v1.0,Y,N,미착수,,,
07-org,07-org/SP-ORG-GGCGF_v1.0.md,SP-ORG-GGCGF_v1.0,Y,N,미착수,,,
07-org,07-org/SP-ORG-GGARTCENTER_v1.0.md,SP-ORG-GGARTCENTER_v1.0,Y,N,미착수,,,
07-org,07-org/SP-ORG-CNSSO_v1.0.md,SP-ORG-CNSSO_v1.0,Y,N,미착수,,,
07-org,07-org/SP-ORG-GWRIX2_v1.0.md,SP-ORG-GWRIX2_v1.0,Y,N,미착수,,,
07-org,07-org/SP-ORG-JNIPAX2_v1.0.md,SP-ORG-JNIPAX2_v1.0,Y,N,미착수,,,
07-org,07-org/SP-ORG-GJCF_v1.0.md,SP-ORG-GJCF_v1.0,Y,N,미착수,,,
07-org,07-org/SP-ORG-BGCF_v1.0.md,SP-ORG-BGCF_v1.0,Y,N,미착수,,,
07-org,07-org/SP-ORG-JBMISC1_v1.0.md,SP-ORG-JBMISC1_v1.0,Y,N,미착수,,,
07-org,07-org/SP-ORG-GWRIX3_v1.0.md,SP-ORG-GWRIX3_v1.0,Y,N,미착수,,,
07-org,07-org/SP-ORG-ASIADCC_v1.0.md,SP-ORG-ASIADCC_v1.0,Y,N,미착수,,,
07-org,07-org/SP-ORG-GGCONTENT_v1.0.md,SP-ORG-GGCONTENT_v1.0,Y,N,미착수,,,
07-org,07-org/SP-ORG-JCCEI_v1.0.md,제주창조경제혁신센터,Y,N,미착수,,,
07-org,07-org/SP-ORG-GBCGF_v1.0.md,SP-ORG-GBCGF_v1.0,Y,N,미착수,,,
07-org,07-org/SP-ORG-GNBEA_v1.0.md,SP-ORG-GNBEA_v1.0,Y,N,미착수,,,
07-org,07-org/SP-ORG-GJRI_v1.0.md,SP-ORG-GJRI_v1.0,Y,N,미착수,,,
07-org,07-org/SP-ORG-GBTP_v1.0.md,SP-ORG-GBTP_v1.0,Y,N,미착수,,,
07-org,07-org/SP-ORG-GWMISC1_v1.0.md,SP-ORG-GWMISC1_v1.0,Y,N,미착수,,,
07-org,07-org/SP-ORG-JEJU43_v1.0.md,제주4·3평화재단,Y,N,미착수,,,
07-org,07-org/SP-ORG-ICSMARTCITY_v1.0.md,SP-ORG-ICSMARTCITY_v1.0,Y,N,미착수,,,
07-org,07-org/SP-ORG-BSWOMEN_v1.0.md,SP-ORG-BSWOMEN_v1.0,Y,N,미착수,,,
07-org,07-org/SP-ORG-BSSSO_v1.0.md,SP-ORG-BSSSO_v1.0,Y,N,미착수,,,
07-org,07-org/SP-ORG-GGWELFARE_v1.0.md,SP-ORG-GGWELFARE_v1.0,Y,N,미착수,,,
07-org,07-org/SP-ORG-JBCONTENT_v1.0.md,SP-ORG-JBCONTENT_v1.0,Y,N,미착수,,,
07-org,07-org/SP-ORG-DJCFX2_v1.0.md,SP-ORG-DJCFX2_v1.0,Y,N,미착수,,,
07-org,07-org/SP-ORG-GWMED_v1.0.md,SP-ORG-GWMED_v1.0,Y,N,미착수,,,
07-org,07-org/SP-ORG-ICGLOBAL_v1.0.md,SP-ORG-ICGLOBAL_v1.0,Y,N,미착수,,,
07-org,07-org/SP-ORG-GGKOREA_v1.0.md,SP-ORG-GGKOREA_v1.0,Y,N,미착수,,,
07-org,07-org/SP-ORG-CBMED_v1.0.md,SP-ORG-CBMED_v1.0,Y,N,미착수,,,
07-org,07-org/SP-ORG-GBMEDX3_v1.0.md,SP-ORG-GBMEDX3_v1.0,Y,N,미착수,,,
07-org,07-org/SP-ORG-JWFRI_v1.0.md,제주여성가족연구원,Y,N,미착수,,,
07-org,07-org/SP-ORG-JNRIX2_v1.0.md,SP-ORG-JNRIX2_v1.0,Y,N,미착수,,,
07-org,07-org/SP-ORG-SWF_v1.0.md,SP-ORG-SWF_v1.0,Y,N,미착수,,,
07-org,07-org/SP-ORG-DGINNO_v1.0.md,SP-ORG-DGINNO_v1.0,Y,N,미착수,,,
07-org,07-org/SP-ORG-GBMISC2_v1.0.md,SP-ORG-GBMISC2_v1.0,Y,N,미착수,,,
07-org,07-org/SP-ORG-GJJOB_v1.0.md,SP-ORG-GJJOB_v1.0,Y,N,미착수,,,
07-org,07-org/SP-ORG-SEOULSCHOL_v1.0.md,SP-ORG-SEOULSCHOL_v1.0,Y,N,미착수,,,
07-org,07-org/SP-ORG-CHILDMEAL_v1.0.md,"제주 어린이급식관리지원센터(1~4, 원형)",Y,N,미착수,,,
07-org,07-org/SP-ORG-BCC_v1.0.md,SP-ORG-BCC_v1.0,Y,N,미착수,,,
07-org,07-org/SP-ORG-GBBEA_v1.0.md,SP-ORG-GBBEA_v1.0,Y,N,미착수,,,
07-org,07-org/SP-ORG-CNRI_v1.0.md,SP-ORG-CNRI_v1.0,Y,N,미착수,,,
07-org,07-org/SP-ORG-GGWCST_v1.0.md,SP-ORG-GGWCST_v1.0,Y,N,미착수,,,
07-org,07-org/SP-ORG-JNSCHOL_v1.0.md,SP-ORG-JNSCHOL_v1.0,Y,N,미착수,,,
07-org,07-org/SP-ORG-GNMED_v1.0.md,SP-ORG-GNMED_v1.0,Y,N,미착수,,,
07-org,07-org/SP-ORG-GWTOURISM_v1.0.md,SP-ORG-GWTOURISM_v1.0,Y,N,미착수,,,
07-org,07-org/SP-ORG-SDI_v1.0.md,SP-ORG-SDI_v1.0,Y,N,미착수,,,
07-org,07-org/SP-ORG-JPDC_v1.0.md,제주특별자치도개발공사(JPDC),Y,N,미착수,,,
07-org,07-org/SP-ORG-GBHAPPY_v1.0.md,SP-ORG-GBHAPPY_v1.0,Y,N,미착수,,,
07-org,07-org/SP-ORG-DGMISC2_v1.0.md,SP-ORG-DGMISC2_v1.0,Y,N,미착수,,,
07-org,07-org/SP-ORG-JNHONAM_v1.0.md,SP-ORG-JNHONAM_v1.0,Y,N,미착수,,,
07-org,07-org/SP-ORG-GJMISC1_v1.0.md,SP-ORG-GJMISC1_v1.0,Y,N,미착수,,,
07-org,07-org/SP-ORG-SEOUL50PLUS_v1.0.md,SP-ORG-SEOUL50PLUS_v1.0,Y,N,미착수,,,
07-org,07-org/SP-ORG-JBBEA_v1.0.md,SP-ORG-JBBEA_v1.0,Y,N,미착수,,,
07-org,07-org/SP-ORG-BSDESIGN_v1.0.md,SP-ORG-BSDESIGN_v1.0,Y,N,미착수,,,
07-org,07-org/SP-ORG-DGCGF_v1.0.md,SP-ORG-DGCGF_v1.0,Y,N,미착수,,,
07-org,07-org/SP-ORG-GGFUTURE_v1.0.md,SP-ORG-GGFUTURE_v1.0,Y,N,미착수,,,
07-org,07-org/SP-ORG-CNLIFE_v1.0.md,SP-ORG-CNLIFE_v1.0,Y,N,미착수,,,
07-org,07-org/SP-ORG-JBSSO_v1.0.md,SP-ORG-JBSSO_v1.0,Y,N,미착수,,,
07-org,07-org/SP-ORG-GGSSO_v1.0.md,SP-ORG-GGSSO_v1.0,Y,N,미착수,,,
07-org,07-org/SP-ORG-SDF_v1.0.md,SP-ORG-SDF_v1.0,Y,N,미착수,,,
07-org,07-org/SP-ORG-CNCONFUCIAN_v1.0.md,SP-ORG-CNCONFUCIAN_v1.0,Y,N,미착수,,,
07-org,07-org/SP-ORG-TRANSWEAK_v1.0.md,제주특별자치도 교통약자이동지원센터,Y,N,미착수,,,
07-org,07-org/SP-ORG-JNFOODFEST_v1.0.md,SP-ORG-JNFOODFEST_v1.0,Y,N,미착수,,,
07-org,07-org/SP-ORG-JBTP_v1.0.md,SP-ORG-JBTP_v1.0,Y,N,미착수,,,
07-org,07-org/SP-ORG-JNSSO_v1.0.md,SP-ORG-JNSSO_v1.0,Y,N,미착수,,,
07-org,07-org/SP-ORG-JNWOMEN_v1.0.md,SP-ORG-JNWOMEN_v1.0,Y,N,미착수,,,
07-org,07-org/SP-ORG-SEOULTOURISM_v1.0.md,SP-ORG-SEOULTOURISM_v1.0,Y,N,미착수,,,
07-org,07-org/SP-ORG-GWINNOCITY_v1.0.md,SP-ORG-GWINNOCITY_v1.0,Y,N,미착수,,,
07-org,07-org/SP-ORG-SEOULAI_v1.0.md,SP-ORG-SEOULAI_v1.0,Y,N,미착수,,,
07-org,07-org/SP-ORG-JBRI_v1.0.md,SP-ORG-JBRI_v1.0,Y,N,미착수,,,
07-org,07-org/SP-ORG-SJCGF_v1.0.md,SP-ORG-SJCGF_v1.0,Y,N,미착수,,,
07-org,07-org/SP-ORG-USRI_v1.0.md,SP-ORG-USRI_v1.0,Y,N,미착수,,,
07-org,07-org/SP-ORG-CHILDCARE_v1.0.md,제주특별자치도 아이돌봄광역지원센터,Y,N,미착수,,,
07-org,07-org/divisions/SP-ORGDIV-JILES-SCHOLARSHIP_v1.0.md,제주평생교육장학진흥원 장학팀,Y,N,미착수,,,
07-org,07-org/divisions/SP-ORGDIV-JEDA-STARTUP_v1.0.md,제주특별자치도경제통상진흥원 창업지원팀,Y,N,미착수,,,
07-org,07-org/divisions/SP-ORGDIV-CHILDMEAL-HYGIENE_v1.0.md,어린이급식관리지원센터 위생팀,Y,N,미착수,,,
07-org,07-org/divisions/SP-ORGDIV-JPSPO-LIFESPORT_v1.0.md,제주특별자치도장애인체육회 생활체육부,Y,N,미착수,,,
07-org,07-org/divisions/SP-ORGDIV-JTO-INDUSTRY_v1.0.md,제주관광공사 관광산업실,Y,N,미착수,,,
07-org,07-org/divisions/SP-ORGDIV-JEJU43-ADMIN_v1.0.md,제주4·3평화재단 사무처,Y,N,미착수,,,
07-org,07-org/divisions/SP-ORGDIV-SGPMED-NURSING_v1.0.md,서귀포의료원 간호부,Y,N,미착수,,,
07-org,07-org/divisions/SP-ORGDIV-JILES-EDU_v1.0.md,제주평생교육장학진흥원 평생교육팀,Y,N,미착수,,,
07-org,07-org/divisions/SP-ORGDIV-JCPA-CONTENTS_v1.0.md,제주콘텐츠진흥원**(구 제주영상문화산업진흥원) **콘텐츠산업팀,Y,N,미착수,,,
07-org,07-org/divisions/SP-ORGDIV-CHILDMEAL-NUTRITION_v1.0.md,어린이급식관리지원센터 영양팀,Y,N,미착수,,,
07-org,07-org/divisions/SP-ORGDIV-JPDC-PRODUCTION_v1.0.md,제주특별자치도개발공사 생산팀,Y,N,미착수,,,
07-org,07-org/divisions/SP-ORGDIV-JEJU43-RESEARCH_v1.0.md,제주4·3평화재단 조사연구실,Y,N,미착수,,,
07-org,07-org/divisions/SP-ORGDIV-JEDA-FINANCE_v1.0.md,제주특별자치도경제통상진흥원 자금지원팀,Y,N,미착수,,,
07-org,07-org/divisions/SP-ORGDIV-JEJUMED-CLINICAL_v1.0.md,제주의료원 진료부,Y,N,미착수,,,
07-org,07-org/divisions/SP-ORGDIV-SGPMED-ADMIN_v1.0.md,서귀포의료원 행정지원부,Y,N,미착수,,,
07-org,07-org/divisions/SP-ORGDIV-JEDA-EXPORT_v1.0.md,제주특별자치도경제통상진흥원 수출판로지원팀,Y,N,미착수,,,
07-org,07-org/divisions/SP-ORGDIV-JCCEI-SUPPORT_v1.0.md,제주창조경제혁신센터 창업지원팀,Y,N,미착수,,,
07-org,07-org/divisions/SP-ORGDIV-JEA-EVINFRA_v1.0.md,제주에너지공사 전기차인프라운영팀,Y,N,미착수,,,
07-org,07-org/divisions/SP-ORGDIV-CHILDCARE-SUPPORT_v1.0.md,제주특별자치도 아이돌봄광역지원센터 돌봄지원팀,Y,N,미착수,,,
07-org,07-org/divisions/SP-ORGDIV-TRANSWEAK-DISPATCH_v1.0.md,제주특별자치도 교통약자 이동지원센터 배차운영팀,Y,N,미착수,,,
07-org,07-org/divisions/SP-ORGDIV-JPDC-SALES_v1.0.md,제주특별자치도개발공사 영업팀(국내영업팀),Y,N,미착수,,,
07-org,07-org/divisions/SP-ORGDIV-JFAC-PROGRAM_v1.0.md,제주문화예술재단 문화사업팀,Y,N,미착수,,,
07-org,07-org/divisions/SP-ORGDIV-JPASS-SERVICESUPPORT_v1.0.md,제주특별자치도 사회서비스원 서비스지원부,Y,N,미착수,,,
07-org,07-org/divisions/SP-ORGDIV-JCPA-FOSTER_v1.0.md,제주콘텐츠진흥원 콘텐츠육성팀,Y,N,미착수,,,
07-org,07-org/divisions/SP-ORGDIV-ICCJEJU-OPS_v1.0.md,제주국제컨벤션센터 운영팀,Y,N,미착수,,,
07-org,07-org/divisions/SP-ORGDIV-JEDA-BUSINESS_v1.0.md,제주경제통상진흥원 사업지원팀,Y,N,미착수,,,
07-org,07-org/divisions/SP-ORGDIV-JILES-LIFELONG_v1.0.md,제주평생교육장학진흥원 평생교육팀,Y,N,미착수,,,
07-org,07-org/divisions/SP-ORGDIV-CHILDMEAL-ADMIN_v1.0.md,어린이급식관리지원센터 기획운영팀,Y,N,미착수,,,
07-org,07-org/divisions/SP-ORGDIV-JSPO-ELITESPORT_v1.0.md,제주특별자치도체육회 전문체육부,Y,N,미착수,,,
07-org,07-org/divisions/SP-ORGDIV-JTP-CORPSUPPORT_v1.0.md,제주테크노파크 기업지원단,Y,N,미착수,,,
07-org,07-org/divisions/SP-ORGDIV-JEJUMED-ADMIN_v1.0.md,제주의료원 행정지원부,Y,N,미착수,,,
07-org,07-org/divisions/SP-ORGDIV-SGPMED-CLINICAL_v1.0.md,서귀포의료원 진료부,Y,N,미착수,,,
07-org,07-org/divisions/SP-ORGDIV-JFAC-SUPPORT_v1.0.md,제주문화예술재단 문화지원팀,Y,N,미착수,,,
07-org,07-org/divisions/SP-ORGDIV-JCPA-TALENT_v1.0.md,제주콘텐츠진흥원 콘텐츠인재팀,Y,N,미착수,,,
07-org,07-org/divisions/SP-ORGDIV-JPSPO-ELITESPORT_v1.0.md,제주특별자치도장애인체육회 전문체육부,Y,N,미착수,,,
07-org,07-org/divisions/SP-ORGDIV-JEJU43-PEACE_v1.0.md,제주4·3평화재단 평화사업팀,Y,N,미착수,,,
07-org,07-org/divisions/SP-ORGDIV-MAEUL-SUPPORT_v1.0.md,마을만들기종합지원센터 마을지원팀,Y,N,미착수,,,
07-org,07-org/divisions/SP-ORGDIV-JTO-MARKETING_v1.0.md,제주관광공사 마케팅사업본부,Y,N,미착수,,,
07-org,07-org/divisions/SP-ORGDIV-JPDC-QUALITY_v1.0.md,제주특별자치도개발공사 품질관리팀,Y,N,미착수,,,
07-org,07-org/divisions/SP-ORGDIV-JCGF-UNDERWRITING_v1.0.md,제주신용보증재단 보증심사부,Y,N,미착수,,,
07-org,07-org/divisions/SP-ORGDIV-JSPO-LIFESPORT_v1.0.md,제주특별자치도체육회 생활체육부,Y,N,미착수,,,
07-org,07-org/divisions/SP-ORGDIV-JEJUMED-NURSING_v1.0.md,제주의료원 간호부,Y,N,미착수,,,
04-city,04-city/divisions/SP-CITYDIV-JEJUSI-CLIMATE-ENVGUIDE_v1.0.md,제주시청 청정환경국 환경지도과,Y,N,미착수,,,
04-city,04-city/divisions/SP-CITYDIV-SEOGWIPO-CONSTRUCTION-GENERAL_v1.0.md,서귀포시청 안전도시건설국 안전총괄과,Y,N,미착수,,,
04-city,04-city/divisions/SP-CITYDIV-SEOGWIPO-AGRIECONOMY-FISHERY_v1.0.md,서귀포시청 농수축산경제국 해양수산과,Y,N,미착수,,,
04-city,04-city/divisions/SP-CITYDIV-JEJUSI-CULTURE-TOURISM_v1.0.md,제주시청 문화관광체육국 관광진흥과,Y,N,미착수,,,
04-city,04-city/divisions/SP-CITYDIV-JEJUSI-WELFARE-HYGIENE_v1.0.md,제주시청 복지위생국 위생관리과,Y,N,완료,"jejusi:food_business_report, jejusi:public_sanitation_business_report 등록","(번호 미확인 — main 병합은 확인됨, git log로 조회 가능)",2026-08-20
04-city,04-city/divisions/SP-CITYDIV-JEJUSI-WELFARE-BASICLIVELIHOOD_v1.0.md,제주시청 복지위생국 기초생활보장과,Y,N,미착수,,,
04-city,04-city/divisions/SP-CITYDIV-JEJUSI-CLIMATE-JEOLMUL_v1.0.md,제주시청 청정환경국 절물생태관리소,Y,N,미착수,,,
04-city,04-city/divisions/SP-CITYDIV-SEOGWIPO-JACHI-BASICGOVPREP_v1.0.md,서귀포시청 자치행정국 기초자치단체설치준비지원단,Y,N,미착수,,,
04-city,04-city/divisions/SP-CITYDIV-JEJUSI-SAFETY-VEHICLE_v1.0.md,제주시청 안전교통국 차량관리과,Y,N,미착수,,,
04-city,04-city/divisions/SP-CITYDIV-JEJUSI-WELFARE-ELDERLY_v1.0.md,제주시청 복지위생국 노인복지과,Y,N,미착수,,,
04-city,04-city/divisions/SP-CITYDIV-SEOGWIPO-WELFARE-DISABLED_v1.0.md,서귀포시청 복지위생국 장애인복지과,Y,N,미착수,,,
04-city,04-city/divisions/SP-CITYDIV-SEOGWIPO-AGRIECONOMY-CITRUS_v1.0.md,서귀포시청 농수축산경제국 감귤유통과,Y,N,미착수,,,
04-city,04-city/divisions/SP-CITYDIV-SEOGWIPO-HEALTH-EASTCENTER_v1.0.md,서귀포시청 서귀포보건소 동부보건소,Y,N,미착수,,,
04-city,04-city/divisions/SP-CITYDIV-SEOGWIPO-CLIMATE-ENVMGMT_v1.0.md,서귀포시청 청정환경국 기후환경과,Y,N,미착수,,,
04-city,04-city/divisions/SP-CITYDIV-SEOGWIPO-CULTURE-ARTMUSEUM_v1.0.md,서귀포시청 문화관광체육국 서귀포 공립미술관,Y,N,미착수,,,
04-city,04-city/divisions/SP-CITYDIV-SEOGWIPO-CONSTRUCTION-TRAFFIC_v1.0.md,서귀포시청 안전도시건설국 교통행정과,Y,N,미착수,,,
04-city,04-city/divisions/SP-CITYDIV-SEOGWIPO-WELFARE-ELDERLY_v1.0.md,서귀포시청 복지위생국 노인복지과,Y,N,미착수,,,
04-city,04-city/divisions/SP-CITYDIV-SEOGWIPO-AGRIECONOMY-ECOFARM_v1.0.md,서귀포시청 농수축산경제국 친환경농정과,Y,N,미착수,,,
04-city,04-city/divisions/SP-CITYDIV-JEJUSI-CULTURE-UDANGLIB_v1.0.md,제주시청 문화관광체육국 우당도서관,Y,N,미착수,,,
04-city,04-city/divisions/SP-CITYDIV-SEOGWIPO-JACHI-LIFELONGED_v1.0.md,서귀포시청 자치행정국 평생교육과,Y,N,미착수,,,
04-city,04-city/divisions/SP-CITYDIV-JEJUSI-ECON-INFOSUPPORT_v1.0.md,제주시청 경제일자리국 정보화지원과,Y,N,미착수,,,
04-city,04-city/divisions/SP-CITYDIV-SEOGWIPO-JACHI-BUDGET_v1.0.md,서귀포시청 자치행정국 기획예산과,Y,N,미착수,,,
04-city,04-city/divisions/SP-CITYDIV-SEOGWIPO-HEALTH-PROMOTION_v1.0.md,서귀포시청 서귀포보건소 건강증진과,Y,N,미착수,,,
04-city,04-city/divisions/SP-CITYDIV-SEOGWIPO-CONSTRUCTION-CITY_v1.0.md,서귀포시청 안전도시건설국 도시과,Y,N,미착수,,,
04-city,04-city/divisions/SP-CITYDIV-SEOGWIPO-WELFARE-RESIDENT_v1.0.md,서귀포시청 복지위생국 주민복지과,Y,N,미착수,,,
04-city,04-city/divisions/SP-CITYDIV-JEJUSI-SAFETY-GENERAL_v1.0.md,제주시청 안전교통국 안전총괄과,Y,N,미착수,,,
04-city,04-city/divisions/SP-CITYDIV-JEJUSI-CULTURE-SPORTS_v1.0.md,제주시청 문화관광체육국 체육진흥과,Y,N,미착수,,,
04-city,04-city/divisions/SP-CITYDIV-JEJUSI-JACHI-BUDGET_v1.2.md,제주시청 자치행정국 기획예산과,Y,N,미착수,,,
04-city,04-city/divisions/SP-CITYDIV-SEOGWIPO-JACHI-SELFGOV_v1.0.md,서귀포시청 자치행정국 자치행정과,Y,N,미착수,,,
04-city,04-city/divisions/SP-CITYDIV-JEJUSI-CLIMATE-LIVINGENV_v1.0.md,제주시청 청정환경국 생활환경과,Y,N,미착수,,,
04-city,04-city/divisions/SP-CITYDIV-SEOGWIPO-CULTURE-TOURISMFACILITY_v1.0.md,서귀포시청 문화관광체육국 관광지관리소,Y,N,미착수,,,
04-city,04-city/divisions/SP-CITYDIV-SEOGWIPO-CONSTRUCTION-BUILDING_v1.1.md,서귀포시청 안전도시건설국 건축과,Y,N,미착수,,,
04-city,04-city/divisions/SP-CITYDIV-SEOGWIPO-AGRIECONOMY-JOBS_v1.0.md,서귀포시청 농수축산경제국 경제일자리과,Y,N,미착수,,,
04-city,04-city/divisions/SP-CITYDIV-JEJUSI-ECON-JOBENERGY_v1.0.md,제주시청 경제일자리국 일자리에너지과,Y,N,미착수,,,
04-city,04-city/divisions/SP-CITYDIV-SEOGWIPO-CONSTRUCTION-CONSTRUCT_v1.0.md,서귀포시청 안전도시건설국 건설과,Y,N,미착수,,,
04-city,04-city/divisions/SP-CITYDIV-JEJUSI-CLIMATE-PARKS_v1.0.md,제주시청 청정환경국 공원녹지과,Y,N,미착수,,,
04-city,04-city/divisions/SP-CITYDIV-JEJUSI-WELFARE-RESIDENT_v1.0.md,제주시청 복지위생국 주민복지과,Y,N,미착수,,,
04-city,04-city/divisions/SP-CITYDIV-SEOGWIPO-HEALTH-ADMIN_v1.0.md,서귀포시청 서귀포보건소 보건행정과,Y,N,미착수,,,
04-city,04-city/divisions/SP-CITYDIV-SEOGWIPO-CULTURE-ARTSHALL_v1.0.md,서귀포시청 문화관광체육국 서귀포예술의전당,Y,N,미착수,,,
04-city,04-city/divisions/SP-CITYDIV-SEOGWIPO-CLIMATE-PARKS_v1.0.md,서귀포시청 청정환경국 공원녹지과,Y,N,미착수,,,
04-city,04-city/divisions/SP-CITYDIV-SEOGWIPO-CONSTRUCTION-BUILDING_v1.0.md,서귀포시청 안전도시건설국 건축과,Y,N,미착수,,,
04-city,04-city/divisions/SP-CITYDIV-JEJUSI-WELFARE-WOMENFAMILY_v1.0.md,제주시청 복지위생국 여성가족과,Y,N,미착수,,,
04-city,04-city/divisions/SP-CITYDIV-SEOGWIPO-CULTURE-LIBRARYMGMT_v1.0.md,서귀포시청 문화관광체육국 도서관운영사무소,Y,N,미착수,,,
04-city,04-city/divisions/SP-CITYDIV-JEJUSI-CULTURE-ART_v1.0.md,제주시청 문화관광체육국 문화예술과,Y,N,미착수,,,
04-city,04-city/divisions/SP-CITYDIV-SEOGWIPO-WELFARE-HYGIENE_v1.0.md,서귀포시청 복지위생국 위생관리과,Y,N,완료,"seogwipo:food_business_report, seogwipo:public_sanitation_business_report 등록","(번호 미확인 — main 병합은 확인됨, git log로 조회 가능)",2026-08-20
04-city,04-city/divisions/SP-CITYDIV-JEJUSI-ECON-VILLAGE_v1.0.md,제주시청 경제일자리국 마을활력과,Y,N,미착수,,,
04-city,04-city/divisions/SP-CITYDIV-SEOGWIPO-CLIMATE-FORESTRECREATION_v1.0.md,서귀포시청 청정환경국 산림휴양관리소,Y,N,미착수,,,
04-city,04-city/divisions/SP-CITYDIV-SEOGWIPO-AGRIECONOMY-DIGITAL_v1.0.md,서귀포시청 농수축산경제국 디지털혁신과,Y,N,미착수,,,
04-city,04-city/divisions/SP-CITYDIV-JEJUSI-JACHI-PROPERTYTAX_v1.2.md,제주시청 자치행정국 재산세과,Y,N,미착수,,,
04-city,04-city/divisions/SP-CITYDIV-SEOGWIPO-CULTURE-TOURISM_v1.0.md,서귀포시청 문화관광체육국 관광진흥과,Y,N,미착수,,,
04-city,04-city/divisions/SP-CITYDIV-JEJUSI-JACHI-GENERAL_v1.2.md,제주시청 자치행정국 총무과,Y,N,미착수,,,
04-city,04-city/divisions/SP-CITYDIV-JEJUSI-SAFETY-TRAFFIC_v1.0.md,제주시청 안전교통국 교통행정과,Y,N,미착수,,,
04-city,04-city/divisions/SP-CITYDIV-JEJUSI-CLIMATE-FACILITY_v1.0.md,제주시청 청정환경국 환경시설관리소,Y,N,미착수,,,
04-city,04-city/divisions/SP-CITYDIV-JEJUSI-CULTURE-TAMNALIB_v1.0.md,제주시청 문화관광체육국 탐라도서관,Y,N,미착수,,,
04-city,04-city/divisions/SP-CITYDIV-JEJUSI-JACHI-SELFGOV_v1.2.md,제주시청 자치행정국 자치행정과,Y,N,미착수,,,
04-city,04-city/divisions/SP-CITYDIV-SEOGWIPO-CULTURE-SPORTS_v1.0.md,서귀포시청 문화관광체육국 체육진흥과,Y,N,미착수,,,
04-city,04-city/divisions/SP-CITYDIV-SEOGWIPO-JACHI-TAX_v1.0.md,서귀포시청 자치행정국 세무과,Y,N,미착수,,,
04-city,04-city/divisions/SP-CITYDIV-SEOGWIPO-AGRIECONOMY-LIVESTOCK_v1.0.md,서귀포시청 농수축산경제국 청정축산과,Y,N,미착수,,,
04-city,04-city/divisions/SP-CITYDIV-SEOGWIPO-JACHI-GENERAL_v1.0.md,서귀포시청 자치행정국 총무과,Y,N,미착수,,,
04-city,04-city/divisions/SP-CITYDIV-SEOGWIPO-CONSTRUCTION-WATER_v1.0.md,서귀포시청 안전도시건설국 상하수도과,Y,N,미착수,,,
04-city,04-city/divisions/SP-CITYDIV-JEJUSI-ECON-SMB_v1.0.md,제주시청 경제일자리국 경제소상공인과,Y,N,미착수,,,
04-city,04-city/divisions/SP-CITYDIV-JEJUSI-CLIMATE-ENVMGMT_v1.0.md,제주시청 청정환경국 환경관리과,Y,N,미착수,,,
04-city,04-city/divisions/SP-CITYDIV-SEOGWIPO-JACHI-VILLAGE_v1.0.md,서귀포시청 자치행정국 마을활력과,Y,N,미착수,,,
04-city,04-city/divisions/SP-CITYDIV-JEJUSI-CULTURE-ARTCENTER_v1.0.md,제주시청 문화관광체육국 제주아트센터,Y,N,미착수,,,
04-city,04-city/divisions/SP-CITYDIV-JEJUSI-WELFARE-DISABLED_v1.0.md,제주시청 복지위생국 장애인복지과,Y,N,미착수,,,
04-city,04-city/divisions/SP-CITYDIV-JEJUSI-JACHI-BASICGOVPREP_v1.2.md,제주시청 자치행정국 기초자치단체 설치준비지원단,Y,N,미착수,,,
04-city,04-city/divisions/SP-CITYDIV-SEOGWIPO-HEALTH-WESTCENTER_v1.0.md,서귀포시청 서귀포보건소 서부보건소,Y,N,미착수,,,
04-city,04-city/divisions/SP-CITYDIV-SEOGWIPO-WELFARE-WOMENFAMILY_v1.0.md,서귀포시청 복지위생국 여성가족과,Y,N,미착수,,,
04-city,04-city/divisions/SP-CITYDIV-SEOGWIPO-CULTURE-ART_v1.0.md,서귀포시청 문화관광체육국 문화예술과,Y,N,미착수,,,
04-city,04-city/divisions/SP-CITYDIV-SEOGWIPO-CLIMATE-LIVINGENV_v1.0.md,서귀포시청 청정환경국 생활환경과,Y,N,미착수,,,
04-city,04-city/divisions/SP-CITYDIV-JEJUSI-JACHI-TAX_v1.2.md,제주시청 자치행정국 세무과,Y,N,미착수,,,
04-city,04-city/seogwipo/SP-CITY-SEOGWIPO_v1.0.md,SP-CITY-SEOGWIPO_v1.0,Y,N,미착수,,,
04-city,04-city/seogwipo/SP-CITY-SEOGWIPO_v1.1.md,SP-CITY-SEOGWIPO_v1.1,Y,N,미착수,,,
04-city,04-city/jeju/SP-CITY-JEJU_v1.1.md,SP-CITY-JEJU_v1.1,Y,N,미착수,,,
02-do-dept,02-do-dept/SP-DO-OCEAN_v1.1.md,SP-DO-OCEAN_v1.1,Y,N,미착수,,,
02-do-dept,02-do-dept/SP-DO-SPOKES_v1.0.md,SP-DO-SPOKES_v1.0,Y,N,미착수,,,
02-do-dept,02-do-dept/SP-DO-GENERAL_v1.0.md,SP-DO-GENERAL_v1.0,Y,N,미착수,,,
02-do-dept,02-do-dept/SP-DO-COMM_v1.0.md,SP-DO-COMM_v1.0,Y,N,미착수,,,
02-do-dept,02-do-dept/SP-DO-INNOV_v1.1.md,SP-DO-INNOV_v1.1,Y,N,미착수,,,
02-do-dept,02-do-dept/SP-DO-HOUSING_v1.1.md,SP-DO-HOUSING_v1.1,Y,N,미착수,,,
02-do-dept,02-do-dept/SP-DO-CLIMATE_v1.1.md,SP-DO-CLIMATE_v1.1,Y,N,미착수,,,
02-do-dept,02-do-dept/SP-DO-BALANCE_v1.0.md,SP-DO-BALANCE_v1.0,Y,N,미착수,,,
02-do-dept,02-do-dept/SP-DO-WELFARE_v1.2.md,SP-DO-WELFARE_v1.2,Y,N,미착수,,,
02-do-dept,02-do-dept/SP-DO-GANGJEONG_v1.0.md,SP-DO-GANGJEONG_v1.0,Y,N,미착수,,,
02-do-dept,02-do-dept/SP-DO-AUTONOMY_v1.0.md,SP-DO-AUTONOMY_v1.0,Y,N,미착수,,,
02-do-dept,02-do-dept/SP-DO-GENDER_v1.0.md,SP-DO-GENDER_v1.0,Y,N,미착수,,,
02-do-dept,02-do-dept/SP-DO-SAFETY_v1.1.md,SP-DO-SAFETY_v1.1,Y,N,미착수,,,
02-do-dept,02-do-dept/SP-DO-AIRPORTSUP_v1.0.md,SP-DO-AIRPORTSUP_v1.0,Y,N,미착수,,,
02-do-dept,02-do-dept/SP-DO-ECON_v1.1.md,SP-DO-ECON_v1.1,Y,N,미착수,,,
02-do-dept,02-do-dept/SP-DO-LIAISON_v1.0.md,SP-DO-LIAISON_v1.0,Y,N,미착수,,,
02-do-dept,02-do-dept/SP-DO-JACHI_v1.1.md,SP-DO-JACHI_v1.1,Y,N,미착수,,,
02-do-dept,02-do-dept/SP-DO-AGRI_v1.1.md,SP-DO-AGRI_v1.1,Y,N,미착수,,,
02-do-dept,02-do-dept/SP-DO-TRANSPORT_v1.1.md,SP-DO-TRANSPORT_v1.1,Y,N,미착수,,,
02-do-dept,02-do-dept/SP-DO-TOURISM_v1.2.md,SP-DO-TOURISM_v1.2,Y,N,미착수,,,
02-do-dept,02-do-dept/SP-DO-CULTURE_v1.1.md,SP-DO-CULTURE_v1.1,Y,N,미착수,,,
02-do-dept,02-do-dept/SP-DO-PLAN_v1.1.md,SP-DO-PLAN_v1.1,Y,N,미착수,,,
02-do-dept,02-do-dept/divisions/SP-DIV-INNOV-ENERGYINDUSTRY_v1.0.md,SP-DIV-INNOV-ENERGYINDUSTRY_v1.0,Y,N,미착수,,,
02-do-dept,02-do-dept/divisions/SP-DIV-JACHI-GENERAL_v1.0.md,제주도청 특별자치행정국 총무과,Y,N,미착수,,,
02-do-dept,02-do-dept/divisions/SP-DIV-SAFETY-POLICY_v1.0.md,제주도청 도민안전건강실 안전정책과,Y,N,미착수,,,
02-do-dept,02-do-dept/divisions/SP-DIV-PLAN-TAXADMIN_v1.0.md,제주도청 기획조정실 세정담당관,Y,N,미착수,,,
02-do-dept,02-do-dept/divisions/SP-DIV-WELFARE-DISABLED_v1.0.md,제주도청 복지가족국 장애인복지과,Y,N,미착수,,,
02-do-dept,02-do-dept/divisions/SP-DIV-PLAN-YOUTH_v1.0.md,제주도청 기획조정실 청년정책담당관,Y,N,미착수,,,
02-do-dept,02-do-dept/divisions/SP-DIV-INNOV-SPACEMOBILITY_v1.0.md,제주도청 혁신산업국 우주모빌리티과,Y,N,미착수,,,
02-do-dept,02-do-dept/divisions/SP-DIV-JACHI-ACCOUNTING_v1.0.md,제주도청 특별자치행정국 회계재산관리과,Y,N,미착수,,,
02-do-dept,02-do-dept/divisions/SP-DIV-PLAN-POPULATION_v1.0.md,제주도청 기획조정실 인구정책담당관,Y,N,미착수,,,
02-do-dept,02-do-dept/divisions/SP-DIV-INNOV-DIGITAL_v1.0.md,제주도청 혁신산업국 디지털혁신과,Y,N,미착수,,,
02-do-dept,02-do-dept/divisions/SP-DIV-WELFARE-CHILDCARE_v1.0.md,제주도청 복지가족국 아동보육청소년과,Y,N,미착수,,,
02-do-dept,02-do-dept/divisions/SP-DIV-INNOV-FUTUREGROWTH_v1.0.md,제주도청 혁신산업국**(개칭 예정: 미래산업국) **미래성장과,Y,N,미착수,,,
02-do-dept,02-do-dept/divisions/SP-DIV-SAFETY-HEALTHPOLICY_v1.0.md,제주도청 도민안전건강실 보건정책과,Y,N,미착수,,,
02-do-dept,02-do-dept/divisions/SP-DIV-JACHI-43SUPPORT_v1.0.md,제주도청 특별자치행정국 4·3지원과,Y,N,미착수,,,
02-do-dept,02-do-dept/divisions/SP-DIV-JACHI-SELFGOV_v1.0.md,제주도청 특별자치행정국 자치행정과,Y,N,미착수,,,
02-do-dept,02-do-dept/divisions/SP-DIV-SAFETY-HEALTHHYGIENE_v1.0.md,제주도청 도민안전건강실 건강위생과,Y,N,미착수,,,
02-do-dept,02-do-dept/divisions/SP-DIV-SAFETY-NATURALDISASTER_v1.0.md,제주도청 도민안전건강실 자연재난과,Y,N,미착수,,,
02-do-dept,02-do-dept/divisions/SP-DIV-SAFETY-SOCIALDISASTER_v1.0.md,제주도청 도민안전건강실 사회재난과,Y,N,미착수,,,
02-do-dept,02-do-dept/divisions/SP-DIV-WELFARE-POLICY_v1.0.md,제주도청 복지가족국 복지정책과,Y,N,미착수,,,
02-do-dept,02-do-dept/divisions/SP-DIV-WELFARE-ELDERLY_v1.0.md,제주도청 복지가족국 노인복지과,Y,N,미착수,,,
03-do-agency,03-do-agency/SP-AGY-FIRE_v1.0.md,SP-AGY-FIRE_v1.0,Y,N,미착수,,,
03-do-agency,03-do-agency/SP-AGY-BOHWAN_v1.0.md,SP-AGY-BOHWAN_v1.0,Y,N,미착수,,,
03-do-agency,03-do-agency/SP-AGY-FOLKMUSEUM_v1.0.md,SP-AGY-FOLKMUSEUM_v1.0,Y,N,미착수,,,
03-do-agency,03-do-agency/SP-AGY-WATER_v1.1.md,SP-AGY-WATER_v1.1,Y,N,미착수,,,
03-do-agency,03-do-agency/SP-AGY-AGRITECH_v1.0.md,SP-AGY-AGRITECH_v1.0,Y,N,미착수,,,
03-do-agency,03-do-agency/SP-AGY-LIBRARY_v1.0.md,SP-AGY-LIBRARY_v1.0,Y,N,미착수,,,
03-do-agency,03-do-agency/SP-AGY-CHUKSAN_v1.0.md,SP-AGY-CHUKSAN_v1.0,Y,N,미착수,,,
03-do-agency,03-do-agency/SP-AGY-POLICE_v1.0.md,SP-AGY-POLICE_v1.0,Y,N,미착수,,,
03-do-agency,03-do-agency/SP-AGY-ARTMUSEUM_v1.0.md,SP-AGY-ARTMUSEUM_v1.0,Y,N,미착수,,,
03-do-agency,03-do-agency/SP-AGY-HERITAGE_v1.0.md,SP-AGY-HERITAGE_v1.0,Y,N,미착수,,,
03-do-agency,03-do-agency/divisions/SP-AGYDIV-FOLKMUSEUM-ADMIN_v1.0.md,제주특별자치도민속자연사박물관 관리실,Y,N,미착수,,,
03-do-agency,03-do-agency/divisions/SP-AGYDIV-WATER-WATERSUPPLY_v1.0.md,SP-AGYDIV-WATER-WATERSUPPLY_v1.0,Y,N,미착수,,,
03-do-agency,03-do-agency/divisions/SP-AGYDIV-FIRE-RESPONSE_v1.0.md,SP-AGYDIV-FIRE-RESPONSE_v1.0,Y,N,미착수,,,
03-do-agency,03-do-agency/divisions/SP-AGYDIV-POLICE-SAFETY_v1.0.md,자치경찰단 생활안전과,Y,N,미착수,,,
03-do-agency,03-do-agency/divisions/SP-AGYDIV-ARTMUSEUM-JHYUN_v1.0.md,제주도립미술관 제주현대미술관,Y,N,미착수,,,
03-do-agency,03-do-agency/divisions/SP-AGYDIV-HERITAGE-MANAGEMENT_v1.0.md,SP-AGYDIV-HERITAGE-MANAGEMENT_v1.0,Y,N,미착수,,,
03-do-agency,03-do-agency/divisions/SP-AGYDIV-LIBRARY-INFOSERVICE_v1.0.md,제주특별자치도한라도서관 정보서비스팀(추정),Y,N,미착수,,,
03-do-agency,03-do-agency/divisions/SP-AGYDIV-POLICE-TRAFFIC_v1.0.md,자치경찰단 교통과,Y,N,미착수,,,
03-do-agency,03-do-agency/divisions/SP-AGYDIV-ARTMUSEUM-MAIN_v1.0.md,제주도립미술관 본관,Y,N,미착수,,,
03-do-agency,03-do-agency/divisions/SP-AGYDIV-FIRE-PREVENTION_v1.0.md,SP-AGYDIV-FIRE-PREVENTION_v1.0,Y,N,미착수,,,
benefit-categories,benefit-categories/BENEFIT-CATEGORY-TAXONOMY_2026-07-09.md,BENEFIT-CATEGORY-TAXONOMY_2026-07-09,Y,N,미착수,,,
benefit-categories,benefit-categories/SP-BENEFIT-DIS-VOUCHER_v1.0.md,SP-BENEFIT-DIS-VOUCHER_v1.0,Y,N,미착수,,,
benefit-categories,benefit-categories/SP-BENEFIT-GEN-SERVICE_v1.0.md,SP-BENEFIT-GEN-SERVICE_v1.0,Y,N,미착수,,,
benefit-categories,benefit-categories/SP-BENEFIT-VET-CASH_v1.0.md,SP-BENEFIT-VET-CASH_v1.0,Y,N,미착수,,,
benefit-categories,benefit-categories/SP-BENEFIT-GEN-FEE_v1.0.md,SP-BENEFIT-GEN-FEE_v1.0,Y,N,미착수,,,
benefit-categories,benefit-categories/SP-BENEFIT-LOW-CASH_v1.0.md,SP-BENEFIT-LOW-CASH_v1.0,Y,N,미착수,,,
benefit-categories,benefit-categories/SP-BENEFIT-PREG-CASH_v1.0.md,SP-BENEFIT-PREG-CASH_v1.0,Y,N,미착수,,,
benefit-categories,benefit-categories/SP-BENEFIT-GEN-VOUCHER_v1.0.md,SP-BENEFIT-GEN-VOUCHER_v1.0,Y,N,미착수,,,
benefit-categories,benefit-categories/SP-BENEFIT-PREG-SERVICE_v1.0.md,SP-BENEFIT-PREG-SERVICE_v1.0,Y,N,미착수,,,
benefit-categories,benefit-categories/SP-BENEFIT-FARM-MATERIAL_v1.0.md,SP-BENEFIT-FARM-MATERIAL_v1.0,Y,N,미착수,,,
benefit-categories,benefit-categories/SP-BENEFIT-FOSTER-CASH_v1.0.md,SP-BENEFIT-FOSTER-CASH_v1.0,Y,N,미착수,,,
benefit-categories,benefit-categories/SP-BENEFIT-GEN-INSURANCE_v1.0.md,SP-BENEFIT-GEN-INSURANCE_v1.0,Y,N,미착수,,,
benefit-categories,benefit-categories/SP-BENEFIT-DIS-SERVICE_v1.0.md,SP-BENEFIT-DIS-SERVICE_v1.0,Y,N,미착수,,,
01-do,01-do/JEJU-DO-SP_v1.5.md,제주특별자치도청,Y,N,재정의,"REQUIRED_DOCUMENTS_REGISTRY 패턴이 안 맞음 — 위임 안 되는 광역 인허가 처리 경로 명시로 재정의, 미착수",,
01-do,01-do/JEJU-DO-SP_v1.4.md,제주특별자치도청,Y,N,재정의,"REQUIRED_DOCUMENTS_REGISTRY 패턴이 안 맞음 — 위임 안 되는 광역 인허가 처리 경로 명시로 재정의, 미착수",,
01-do,01-do/JEJU-DO-AGENT-COMMON_v1.2.md,JEJU-DO-AGENT-COMMON_v1.2,Y,N,재정의,상동,,
01-do,01-do/JEJU-DO-SP_v1.0.md,제주특별자치도청,Y,N,재정의,"REQUIRED_DOCUMENTS_REGISTRY 패턴이 안 맞음 — 위임 안 되는 광역 인허가 처리 경로 명시로 재정의, 미착수",,
06-expert,06-expert/SP-EXP-EMERGENCY_v1.0.md,SP-EXP-EMERGENCY_v1.0,Y,N,제외(오탐),"응급신고 안내이지 인허가 아님 — Q1 키워드 오탐, GOV_TASK 배선 대상 아님",,
06-expert,06-expert/SP-EXP-WATER_v1.1.md,SP-EXP-WATER_v1.1,Y,N,제외(오탐),시설고장 신고이지 인허가 아님 — 실제 공사승인은 city-division급에 이미 등록됨,,
